Workbook

Sheet 1° Parcial
B3: UNIVERSIDAD TÉCNICA PRIVADA COSMOS
B4: CARRERA DE INGENIERÍA DE SONIDO
B5: SEDE COCHABAMBA
B6: ROL DE EXAMENES - PRIMER PARCIAL
B7: GESTIÓN II/2026
J8: 46279
B9: ASIGNATURA | C9: CÓDIGO | D9: SEMESTRE | E9: GRUPO | F9: NOMBRE DEL DOCENTE | G9: AUTORIDAD RESPONSABLE DEL EXAMEN | H9: ENTREGA DE EVALUACIONES FORMATIVAS TEÓRICAS (FIRMADAS) | I9: FECHA DE ENVÍO DE EXAMEN | J9: FECHA DEL EXAMEN TEÓRICO | K9: HORA | L9: N° DE EST. | M9: USO DE CARTILLA | N9: ENTREGA DE EVALUACIONES FORMATIVAS PRÁCTICAS (FIRMADAS) | O9: FECHA DEL EXAMEN PRÁCTICO | P9: HORA | Q9: GRUPO | R9: N° DE EST. | S9: ENTREGA DE EVALUACIONES FORMATIVAS PRÁCTICAS (FIRMADAS) | T9: FECHA DEL EXAMEN PRÁCTICO | U9: HORA | V9: GRUPO | W9: N° DE EST. | X9: ENTREGA DE EVALUACIONES FORMATIVAS PRÁCTICAS (FIRMADAS) | Y9: FECHA DEL EXAMEN PRÁCTICO | Z9: HORA | AA9: GRUPO | AB9: N° DE EST. | AC9: FECHA DE EXAMEN REZAGADO | AD9: HORA | AE9: AULA
B10: CALCULO I | C10: SIS-111 | D10: 1º | E10: TA-01 | F10: JIMENA GIOVANNA ARNEZ MARTINEZ | H10: =J10-3 -> 46287 | I10: =J10-3 -> 46287 | J10: 46290 | K10: 0.46875 | L10: 10 | M10: Si | N10: =O10-3 -> 46280 | O10: =J10-7 -> 46283 | P10: =K10 -> 0.46875 | Q10: A | R10: =L10 -> 10 | S10: =T10-3 -> -3 | Y10: =J10 -> 46290 | Z10: =K10 -> 0.46875 | AC10: =O10+7 -> 46290 | AD10: =P10 -> 0.46875 | AE10: C 101
B11: FÍSICA I | C11: SIS-112 | D11: 1º | E11: TA-01 | F11: XIMENA WENDY CALIZAYA PEREZ | H11: =J11-3 -> 46290 | I11: =J11-3 -> 46290 | J11: 46293 | K11: 0.40625 | L11: 10 | M11: Si | N11: =O11-3 -> 46283 | O11: =J11-7 -> 46286 | P11: =K11 -> 0.40625 | Q11: A | R11: =L11 -> 10 | S11: =T11-3 -> -3 | Y11: =J11 -> 46293 | Z11: =K11 -> 0.40625 | AC11: =O11+7 -> 46293 | AD11: =P11 -> 0.40625 | AE11: A 103
B12: PROGRAMACIÓN I | C12: SIS-113 | D12: 1º | E12: TA-01 | F12: ROSMERY LUIZAGA SALINAS | H12: =J12-3 -> 46283 | I12: =J12-3 -> 46283 | J12: 46286 | K12: 0.46875 | L12: 10 | M12: Si | N12: =O12-3 -> 46276 | O12: =J12-7 -> 46279 | P12: =K12 -> 0.46875 | Q12: A | R12: =L12 -> 10 | S12: =T12-3 -> -3 | Y12: =J12 -> 46286 | Z12: =K12 -> 0.46875 | AC12: =O12+7 -> 46286 | AD12: =P12 -> 0.46875 | AE12: C 103
B13: ÁLGEBRA | C13: SIS-114 | D13: 1º | E13: TA-01 | F13: ELIANA LESLY MICORDIA ROMERO | H13: =J13-3 -> 46285 | I13: =J13-3 -> 46285 | J13: 46288 | K13: 0.34375 | L13: 10 | M13: Si | N13: =O13-3 -> 46278 | O13: =J13-7 -> 46281 | P13: =K13 -> 0.34375 | Q13: A | R13: =L13 -> 10 | S13: =T13-3 -> -3 | Y13: =J13 -> 46288 | Z13: =K13 -> 0.34375 | AC13: =O13+7 -> 46288 | AD13: =P13 -> 0.34375 | AE13: C 305
B14: INGLÉS TÉCNICO I | C14: SIS-115 | D14: 1º | E14: TA-01 | F14: KARINA PAOLA LOPEZ ECHEVERRIA | H14: =J14-3 -> 46277 | I14: =J14-3 -> 46277 | J14: 46280 | K14: 0.34375 | L14: 10 | M14: Si | N14: =O14-3 -> 46270 | O14: =J14-7 -> 46273 | P14: =K14 -> 0.34375 | Q14: A | R14: =L14 -> 10 | S14: =T14-3 -> -3 | Y14: =J14 -> 46280 | Z14: =K14 -> 0.34375 | AC14: =O14+7 -> 46280 | AD14: =P14 -> 0.34375 | AE14: C 302
B15: INTRODUCCIÓN A LAS CIENCIAS DE LA COMPUTACIÓN | C15: SIS-116 | D15: 1º | E15: TA-01 | F15: WALTER JOSE CAZAS CASTRO | H15: =J15-3 -> 46279 | I15: =J15-3 -> 46279 | J15: 46282 | K15: 0.40625 | L15: 10 | M15: Si | N15: =O15-3 -> 46272 | O15: =J15-7 -> 46275 | P15: =K15 -> 0.40625 | Q15: A | R15: =L15 -> 10 | S15: =T15-3 -> -3 | Y15: =J15 -> 46282 | Z15: =K15 -> 0.40625 | AC15: =O15+7 -> 46282 | AD15: =P15 -> 0.40625 | AE15: FÍSICA I Y II
B16: CALCULO II | C16: SIS-121 | D16: 2º | E16: TA-01 | F16: EDSON LUIS BASCOPE GALARZA | H16: =J16-3 -> 46280 | I16: =J16-3 -> 46280 | J16: 46283 | K16: 0.34375 | L16: 22 | M16: Si | N16: =O16-3 -> 46273 | O16: =J16-7 -> 46276 | P16: =K16 -> 0.34375 | Q16: A | R16: =L16 -> 22 | S16: =T16-3 -> -3 | Y16: =J16 -> 46283 | Z16: =K16 -> 0.34375 | AC16: =O16+7 -> 46283 | AD16: =P16 -> 0.34375 | AE16: C 307
B17: FÍSICA II | C17: SIS-122 | D17: 2º | E17: TA-01 | F17: JOSE DAVID QUIÑONES COCA | H17: =J17-3 -> 46277 | I17: =J17-3 -> 46277 | J17: 46280 | K17: 0.46875 | L17: 22 | M17: Si | N17: =O17-3 -> 46270 | O17: =J17-7 -> 46273 | P17: =K17 -> 0.46875 | Q17: A | R17: =L17 -> 22 | S17: =T17-3 -> -3 | Y17: =J17 -> 46280 | Z17: =K17 -> 0.46875 | AC17: =O17+7 -> 46280 | AD17: =P17 -> 0.46875 | AE17: C 307
B18: PROGRAMACIÓN II | C18: SIS-123 | D18: 2º | E18: TA-01 | F18: ROSMERY LUIZAGA SALINAS | H18: =J18-3 -> 46284 | I18: =J18-3 -> 46284 | J18: 46287 | K18: 0.34375 | L18: 22 | M18: Si | N18: =O18-3 -> 46277 | O18: =J18-7 -> 46280 | P18: =K18 -> 0.34375 | Q18: A | R18: =L18 -> 22 | S18: =T18-3 -> -3 | Y18: =J18 -> 46287 | Z18: =K18 -> 0.34375 | AC18: =O18+7 -> 46287 | AD18: =P18 -> 0.34375 | AE18: SOFTWARE
B19: ÁLGEBRA LINEAL | C19: SIS-124 | D19: 2º | E19: TA-01 | F19: XIMENA WENDY CALIZAYA PEREZ | H19: =J19-3 -> 46290 | I19: =J19-3 -> 46290 | J19: 46293 | K19: 0.46875 | L19: 22 | M19: Si | N19: =O19-3 -> 46283 | O19: =J19-7 -> 46286 | P19: =K19 -> 0.46875 | Q19: A | R19: =L19 -> 22 | S19: =T19-3 -> -3 | Y19: =J19 -> 46293 | Z19: =K19 -> 0.46875 | AC19: =O19+7 -> 46293 | AD19: =P19 -> 0.46875 | AE19: C 205
B20: INGLÉS TÉCNICO II | C20: SIS-125 | D20: 2º | E20: TA-01 | F20: KARINA PAOLA LOPEZ ECHEVERRIA | H20: =J20-3 -> 46286 | I20: =J20-3 -> 46286 | J20: 46289 | K20: 0.40625 | L20: 22 | M20: Si | N20: =O20-3 -> 46279 | O20: =J20-7 -> 46282 | P20: =K20 -> 0.40625 | Q20: A | R20: =L20 -> 22 | S20: =T20-3 -> -3 | Y20: =J20 -> 46289 | Z20: =K20 -> 0.40625 | AC20: =O20+7 -> 46289 | AD20: =P20 -> 0.40625 | AE20: C 302
B21: TALLER DE PROGRAMACIÓN I | C21: SIS-126 | D21: 2º | E21: TA-01 | F21: JANETH GIOVANA ALANEZ VILLEGAS | H21: =J21-3 -> 46288 | I21: =J21-3 -> 46288 | J21: 46291 | K21: 0.34375 | L21: 22 | M21: Si | N21: =O21-3 -> 46281 | O21: =J21-7 -> 46284 | P21: =K21 -> 0.34375 | Q21: A | R21: =L21 -> 22 | S21: =T21-3 -> -3 | Y21: =J21 -> 46291 | Z21: =K21 -> 0.34375 | AC21: =O21+7 -> 46291 | AD21: =P21 -> 0.34375 | AE21: SOFTWARE
... B59: GESTIÓN DE CALIDAD ESTRATÉGICA DE PROYECTOS DE SOFTWARE | C59: SIS-425 | D59: 8º | E59: TA-01 | F59: AMILKAR JESUS MIRANDA ROMERO | H59: =J59-3 -> 46287 | I59: =J59-3 -> 46287 | J59: 46290 | K59: 0.71875 | L59: 10 | M59: Si | N59: =O59-3 -> 46280 | O59: =J59-7 -> 46283 | P59: =K59 -> 0.71875 | Q59: A | R59: =L59 -> 10 | S59: =T59-3 -> -3 | Y59: =J59 -> 46290 | Z59: =K59 -> 0.71875 | AC59: =O59+7 -> 46290 | AD59: =P59 -> 0.71875 | AE59: INFORMATICA

Sheet 2° Parcial
B3: ='1° Parcial'!B3 -> UNIVERSIDAD TÉCNICA PRIVADA COSMOS
B4: ='1° Parcial'!B4 -> CARRERA DE INGENIERÍA DE SONIDO
B5: ='1° Parcial'!B5 -> SEDE COCHABAMBA
B6: ROL DE EXAMENES - SEGUNDO PARCIAL
B7: GESTIÓN II/2026
B9: ASIGNATURA | C9: CÓDIGO | D9: SEMESTRE | E9: GRUPO | F9: NOMBRE DEL DOCENTE | G9: AUTORIDAD RESPONSABLE DEL EXAMEN | H9: ENTREGA DE EVALUACIONES FORMATIVAS TEÓRICAS (FIRMADAS) | I9: FECHA DE ENVÍO DE EXAMEN | J9: FECHA DEL EXAMEN TEÓRICO | K9: HORA | L9: N° DE EST. | M9: USO DE CARTILLA | N9: ENTREGA DE EVALUACIONES FORMATIVAS PRÁCTICAS (FIRMADAS) | O9: FECHA DEL EXAMEN PRÁCTICO | P9: HORA | Q9: GRUPO | R9: N° DE EST. | S9: ENTREGA DE EVALUACIONES FORMATIVAS PRÁCTICAS (FIRMADAS) | T9: FECHA DEL EXAMEN PRÁCTICO | U9: HORA | V9: GRUPO | W9: N° DE EST. | X9: ENTREGA DE EVALUACIONES FORMATIVAS PRÁCTICAS (FIRMADAS) | Y9: FECHA DEL EXAMEN PRÁCTICO | Z9: HORA | AA9: GRUPO | AB9: N° DE EST. | AC9: FECHA DE EXAMEN REZAGADO | AD9: HORA | AE9: AULA
B10: ='1° Parcial'!B10 -> CALCULO I | C10: ='1° Parcial'!C10 -> SIS-111 | D10: ='1° Parcial'!D10 -> 1º | E10: ='1° Parcial'!E10 -> TA-01 | F10: ='1° Parcial'!F10 -> JIMENA GIOVANNA ARNEZ MARTINEZ | G10: ='1° Parcial'!G10 | H10: =J10-3 -> 46343 | I10: =J10-3 -> 46343 | J10: ='1° Parcial'!J10+(7*8) -> 46346 | K10: ='1° Parcial'!K10 -> 0.46875 | L10: ='1° Parcial'!L10 -> 10 | M10: Si | N10: =O10-3 -> 46336 | O10: ='1° Parcial'!O10+(7*8) -> 46339 | P10: ='1° Parcial'!P10 -> 0.46875 | Q10: ='1° Parcial'!Q10 -> A | S10: =T10-3 -> 53 | T10: ='1° Parcial'!T10+(7*8) -> 56 | U10: ='1° Parcial'!U10 | V10: ='1° Parcial'!V10 | X10: =Y10-3 -> 46343 | Y10: ='1° Parcial'!Y10+(7*8) -> 46346 | Z10: ='1° Parcial'!Z10 -> 0.46875 | AA10: ='1° Parcial'!AA10 | AC10: =J10+3 -> 46349
B11: ='1° Parcial'!B11 -> FÍSICA I | C11: ='1° Parcial'!C11 -> SIS-112 | D11: ='1° Parcial'!D11 -> 1º | E11: ='1° Parcial'!E11 -> TA-01 | F11: ='1° Parcial'!F11 -> XIMENA WENDY CALIZAYA PEREZ | G11: ='1° Parcial'!G11 | H11: =J11-3 -> 46346 | I11: =J11-3 -> 46346 | J11: ='1° Parcial'!J11+(7*8) -> 46349 | K11: ='1° Parcial'!K11 -> 0.40625 | L11: ='1° Parcial'!L11 -> 10 | M11: Si | N11: =O11-3 -> 46339 | O11: ='1° Parcial'!O11+(7*8) -> 46342 | P11: ='1° Parcial'!P11 -> 0.40625 | Q11: ='1° Parcial'!Q11 -> A | S11: =T11-3 -> 53 | T11: ='1° Parcial'!T11+(7*8) -> 56 | U11: ='1° Parcial'!U11 | V11: ='1° Parcial'!V11 | X11: =Y11-3 -> 46346 | Y11: ='1° Parcial'!Y11+(7*8) -> 46349 | Z11: ='1° Parcial'!Z11 -> 0.40625 | AA11: ='1° Parcial'!AA11 | AC11: =J11+3 -> 46352
B12: ='1° Parcial'!B12 -> PROGRAMACIÓN I | C12: ='1° Parcial'!C12 -> SIS-113 | D12: ='1° Parcial'!D12 -> 1º | E12: ='1° Parcial'!E12 -> TA-01 | F12: ='1° Parcial'!F12 -> ROSMERY LUIZAGA SALINAS | G12: ='1° Parcial'!G12 | H12: =J12-3 -> 46339 | I12: =J12-3 -> 46339 | J12: ='1° Parcial'!J12+(7*8) -> 46342 | K12: ='1° Parcial'!K12 -> 0.46875 | L12: ='1° Parcial'!L12 -> 10 | M12: Si | N12: =O12-3 -> 46332 | O12: ='1° Parcial'!O12+(7*8) -> 46335 | P12: ='1° Parcial'!P12 -> 0.46875 | Q12: ='1° Parcial'!Q12 -> A | S12: =T12-3 -> 53 | T12: ='1° Parcial'!T12+(7*8) -> 56 | U12: ='1° Parcial'!U12 | V12: ='1° Parcial'!V12 | X12: =Y12-3 -> 46339 | Y12: ='1° Parcial'!Y12+(7*8) -> 46342 | Z12: ='1° Parcial'!Z12 -> 0.46875 | AA12: ='1° Parcial'!AA12 | AC12: =J12+3 -> 46345
B13: ='1° Parcial'!B13 -> ÁLGEBRA | C13: ='1° Parcial'!C13 -> SIS-114 | D13: ='1° Parcial'!D13 -> 1º | E13: ='1° Parcial'!E13 -> TA-01 | F13: ='1° Parcial'!F13 -> ELIANA LESLY MICORDIA ROMERO | G13: ='1° Parcial'!G13 | H13: =J13-3 -> 46341 | I13: =J13-3 -> 46341 | J13: ='1° Parcial'!J13+(7*8) -> 46344 | K13: ='1° Parcial'!K13 -> 0.34375 | L13: ='1° Parcial'!L13 -> 10 | M13: Si | N13: =O13-3 -> 46334 | O13: ='1° Parcial'!O13+(7*8) -> 46337 | P13: ='1° Parcial'!P13 -> 0.34375 | Q13: ='1° Parcial'!Q13 -> A | S13: =T13-3 -> 53 | T13: ='1° Parcial'!T13+(7*8) -> 56 | U13: ='1° Parcial'!U13 | V13: ='1° Parcial'!V13 | X13: =Y13-3 -> 46341 | Y13: ='1° Parcial'!Y13+(7*8) -> 46344 | Z13: ='1° Parcial'!Z13 -> 0.34375 | AA13: ='1° Parcial'!AA13 | AC13: =J13+3 -> 46347
B14: ='1° Parcial'!B14 -> INGLÉS TÉCNICO I | C14: ='1° Parcial'!C14 -> SIS-115 | D14: ='1° Parcial'!D14 -> 1º | E14: ='1° Parcial'!E14 -> TA-01 | F14: ='1° Parcial'!F14 -> KARINA PAOLA LOPEZ ECHEVERRIA | G14: ='1° Parcial'!G14 | H14: =J14-3 -> 46333 | I14: =J14-3 -> 46333 | J14: ='1° Parcial'!J14+(7*8) -> 46336 | K14: ='1° Parcial'!K14 -> 0.34375 | L14: ='1° Parcial'!L14 -> 10 | M14: Si | N14: =O14-3 -> 46326 | O14: ='1° Parcial'!O14+(7*8) -> 46329 | P14: ='1° Parcial'!P14 -> 0.34375 | Q14: ='1° Parcial'!Q14 -> A | S14: =T14-3 -> 53 | T14: ='1° Parcial'!T14+(7*8) -> 56 | U14: ='1° Parcial'!U14 | V14: ='1° Parcial'!V14 | X14: =Y14-3 -> 46333 | Y14: ='1° Parcial'!Y14+(7*8) -> 46336 | Z14: ='1° Parcial'!Z14 -> 0.34375 | AA14: ='1° Parcial'!AA14 | AC14: =J14+3 -> 46339
B15: ='1° Parcial'!B15 -> INTRODUCCIÓN A LAS CIENCIAS DE LA COMPUTACIÓN | C15: ='1° Parcial'!C15 -> SIS-116 | D15: ='1° Parcial'!D15 -> 1º | E15: ='1° Parcial'!E15 -> TA-01 | F15: ='1° Parcial'!F15 -> WALTER JOSE CAZAS CASTRO | G15: ='1° Parcial'!G15 | H15: =J15-3 -> 46335 | I15: =J15-3 -> 46335 | J15: ='1° Parcial'!J15+(7*8) -> 46338 | K15: ='1° Parcial'!K15 -> 0.40625 | L15: ='1° Parcial'!L15 -> 10 | M15: Si | N15: =O15-3 -> 46328 | O15: ='1° Parcial'!O15+(7*8) -> 46331 | P15: ='1° Parcial'!P15 -> 0.40625 | Q15: ='1° Parcial'!Q15 -> A | S15: =T15-3 -> 53 | T15: ='1° Parcial'!T15+(7*8) -> 56 | U15: ='1° Parcial'!U15 | V15: ='1° Parcial'!V15 | X15: =Y15-3 -> 46335 | Y15: ='1° Parcial'!Y15+(7*8) -> 46338 | Z15: ='1° Parcial'!Z15 -> 0.40625 | AA15: ='1° Parcial'!AA15 | AC15: =J15+3 -> 46341
B16: ='1° Parcial'!B16 -> CALCULO II | C16: ='1° Parcial'!C16 -> SIS-121 | D16: ='1° Parcial'!D16 -> 2º | E16: ='1° Parcial'!E16 -> TA-01 | F16: ='1° Parcial'!F16 -> EDSON LUIS BASCOPE GALARZA | G16: ='1° Parcial'!G16 | H16: =J16-3 -> 46336 | I16: =J16-3 -> 46336 | J16: ='1° Parcial'!J16+(7*8) -> 46339 | K16: ='1° Parcial'!K16 -> 0.34375 | L16: ='1° Parcial'!L16 -> 22 | M16: Si | N16: =O16-3 -> 46329 | O16: ='1° Parcial'!O16+(7*8) -> 46332 | P16: ='1° Parcial'!P16 -> 0.34375 | Q16: ='1° Parcial'!Q16 -> A | S16: =T16-3 -> 53 | T16: ='1° Parcial'!T16+(7*8) -> 56 | U16: ='1° Parcial'!U16 | V16: ='1° Parcial'!V16 | X16: =Y16-3 -> 46336 | Y16: ='1° Parcial'!Y16+(7*8) -> 46339 | Z16: ='1° Parcial'!Z16 -> 0.34375 | AA16: ='1° Parcial'!AA16 | AC16: =J16+3 -> 46342
B17: ='1° Parcial'!B17 -> FÍSICA II | C17: ='1° Parcial'!C17 -> SIS-122 | D17: ='1° Parcial'!D17 -> 2º | E17: ='1° Parcial'!E17 -> TA-01 | F17: ='1° Parcial'!F17 -> JOSE DAVID QUIÑONES COCA | G17: ='1° Parcial'!G17 | H17: =J17-3 -> 46333 | I17: =J17-3 -> 46333 | J17: ='1° Parcial'!J17+(7*8) -> 46336 | K17: ='1° Parcial'!K17 -> 0.46875 | L17: ='1° Parcial'!L17 -> 22 | M17: Si | N17: =O17-3 -> 46326 | O17: ='1° Parcial'!O17+(7*8) -> 46329 | P17: ='1° Parcial'!P17 -> 0.46875 | Q17: ='1° Parcial'!Q17 -> A | S17: =T17-3 -> 53 | T17: ='1° Parcial'!T17+(7*8) -> 56 | U17: ='1° Parcial'!U17 | V17: ='1° Parcial'!V17 | X17: =Y17-3 -> 46333 | Y17: ='1° Parcial'!Y17+(7*8) -> 46336 | Z17: ='1° Parcial'!Z17 -> 0.46875 | AA17: ='1° Parcial'!AA17 | AC17: =J17+3 -> 46339
B18: ='1° Parcial'!B18 -> PROGRAMACIÓN II | C18: ='1° Parcial'!C18 -> SIS-123 | D18: ='1° Parcial'!D18 -> 2º | E18: ='1° Parcial'!E18 -> TA-01 | F18: ='1° Parcial'!F18 -> ROSMERY LUIZAGA SALINAS | G18: ='1° Parcial'!G18 | H18: =J18-3 -> 46340 | I18: =J18-3 -> 46340 | J18: ='1° Parcial'!J18+(7*8) -> 46343 | K18: ='1° Parcial'!K18 -> 0.34375 | L18: ='1° Parcial'!L18 -> 22 | M18: Si | N18: =O18-3 -> 46333 | O18: ='1° Parcial'!O18+(7*8) -> 46336 | P18: ='1° Parcial'!P18 -> 0.34375 | Q18: ='1° Parcial'!Q18 -> A | S18: =T18-3 -> 53 | T18: ='1° Parcial'!T18+(7*8) -> 56 | U18: ='1° Parcial'!U18 | V18: ='1° Parcial'!V18 | X18: =Y18-3 -> 46340 | Y18: ='1° Parcial'!Y18+(7*8) -> 46343 | Z18: ='1° Parcial'!Z18 -> 0.34375 | AA18: ='1° Parcial'!AA18 | AC18: =J18+3 -> 46346
B19: ='1° Parcial'!B19 -> ÁLGEBRA LINEAL | C19: ='1° Parcial'!C19 -> SIS-124 | D19: ='1° Parcial'!D19 -> 2º | E19: ='1° Parcial'!E19 -> TA-01 | F19: ='1° Parcial'!F19 -> XIMENA WENDY CALIZAYA PEREZ | G19: ='1° Parcial'!G19 | H19: =J19-3 -> 46346 | I19: =J19-3 -> 46346 | J19: ='1° Parcial'!J19+(7*8) -> 46349 | K19: ='1° Parcial'!K19 -> 0.46875 | L19: ='1° Parcial'!L19 -> 22 | M19: Si | N19: =O19-3 -> 46339 | O19: ='1° Parcial'!O19+(7*8) -> 46342 | P19: ='1° Parcial'!P19 -> 0.46875 | Q19: ='1° Parcial'!Q19 -> A | S19: =T19-3 -> 53 | T19: ='1° Parcial'!T19+(7*8) -> 56 | U19: ='1° Parcial'!U19 | V19: ='1° Parcial'!V19 | X19: =Y19-3 -> 46346 | Y19: ='1° Parcial'!Y19+(7*8) -> 46349 | Z19: ='1° Parcial'!Z19 -> 0.46875 | AA19: ='1° Parcial'!AA19 | AC19: =J19+3 -> 46352
B20: ='1° Parcial'!B20 -> INGLÉS TÉCNICO II | C20: ='1° Parcial'!C20 -> SIS-125 | D20: ='1° Parcial'!D20 -> 2º | E20: ='1° Parcial'!E20 -> TA-01 | F20: ='1° Parcial'!F20 -> KARINA PAOLA LOPEZ ECHEVERRIA | G20: ='1° Parcial'!G20 | H20: =J20-3 -> 46342 | I20: =J20-3 -> 46342 | J20: ='1° Parcial'!J20+(7*8) -> 46345 | K20: ='1° Parcial'!K20 -> 0.40625 | L20: ='1° Parcial'!L20 -> 22 | M20: Si | N20: =O20-3 -> 46335 | O20: ='1° Parcial'!O20+(7*8) -> 46338 | P20: ='1° Parcial'!P20 -> 0.40625 | Q20: ='1° Parcial'!Q20 -> A | S20: =T20-3 -> 53 | T20: ='1° Parcial'!T20+(7*8) -> 56 | U20: ='1° Parcial'!U20 | V20: ='1° Parcial'!V20 | X20: =Y20-3 -> 46342 | Y20: ='1° Parcial'!Y20+(7*8) -> 46345 | Z20: ='1° Parcial'!Z20 -> 0.40625 | AA20: ='1° Parcial'!AA20 | AC20: =J20+3 -> 46348
B21: ='1° Parcial'!B21 -> TALLER DE PROGRAMACIÓN I | C21: ='1° Parcial'!C21 -> SIS-126 | D21: ='1° Parcial'!D21 -> 2º | E21: ='1° Parcial'!E21 -> TA-01 | F21: ='1° Parcial'!F21 -> JANETH GIOVANA ALANEZ VILLEGAS | G21: ='1° Parcial'!G21 | H21: =J21-3 -> 46344 | I21: =J21-3 -> 46344 | J21: ='1° Parcial'!J21+(7*8) -> 46347 | K21: ='1° Parcial'!K21 -> 0.34375 | L21: ='1° Parcial'!L21 -> 22 | M21: Si | N21: =O21-3 -> 46337 | O21: ='1° Parcial'!O21+(7*8) -> 46340 | P21: ='1° Parcial'!P21 -> 0.34375 | Q21: ='1° Parcial'!Q21 -> A | S21: =T21-3 -> 53 | T21: ='1° Parcial'!T21+(7*8) -> 56 | U21: ='1° Parcial'!U21 | V21: ='1° Parcial'!V21 | X21: =Y21-3 -> 46344 | Y21: ='1° Parcial'!Y21+(7*8) -> 46347 | Z21: ='1° Parcial'!Z21 -> 0.34375 | AA21: ='1° Parcial'!AA21 | AC21: =J21+3 -> 46350
... B59: ='1° Parcial'!B59 -> GESTIÓN DE CALIDAD ESTRATÉGICA DE PROYECTOS DE SOFTWARE | C59: ='1° Parcial'!C59 -> SIS-425 | D59: ='1° Parcial'!D59 -> 8º | E59: ='1° Parcial'!E59 -> TA-01 | F59: ='1° Parcial'!F59 -> AMILKAR JESUS MIRANDA ROMERO | G59: ='1° Parcial'!G59 | H59: =J59-3 -> 46343 | I59: =J59-3 -> 46343 | J59: ='1° Parcial'!J59+(7*8) -> 46346 | K59: ='1° Parcial'!K59 -> 0.71875 | L59: ='1° Parcial'!L59 -> 10 | M59: Si | N59: =O59-3 -> 46336 | O59: ='1° Parcial'!O59+(7*8) -> 46339 | P59: ='1° Parcial'!P59 -> 0.71875 | Q59: ='1° Parcial'!Q59 -> A | S59: =T59-3 -> 53 | T59: ='1° Parcial'!T59+(7*8) -> 56 | U59: ='1° Parcial'!U59 | V59: ='1° Parcial'!V59 | X59: =Y59-3 -> 46343 | Y59: ='1° Parcial'!Y59+(7*8) -> 46346 | Z59: ='1° Parcial'!Z59 -> 0.71875 | AA59: ='1° Parcial'!AA59 | AC59: =J59+3 -> 46349

Sheet Ex.Final
B3: ='1° Parcial'!B3 -> UNIVERSIDAD TÉCNICA PRIVADA COSMOS
B4: ='1° Parcial'!B4 -> CARRERA DE INGENIERÍA DE SONIDO
B5: ='1° Parcial'!B5 -> SEDE COCHABAMBA
B6: ROL DE EXAMENES - EXAMEN FINAL
B7: GESTIÓN II/2026
B9: ASIGNATURA | C9: CÓDIGO | D9: SEMESTRE | E9: GRUPO | F9: NOMBRE DEL DOCENTE | G9: AUTORIDAD RESPONSABLE DEL EXAMEN | H9: FECHA DE ENVÍO DE EXAMEN | I9: FECHA DEL EXAMEN TEÓRICO | J9: HORA | K9: N° DE EST. | L9: USO DE CARTILLA | M9: FECHA DEL EXAMEN PRÁCTICO | N9: HORA | O9: GRUPO | P9: N° DE EST. | Q9: FECHA DEL EXAMEN PRÁCTICO | R9: HORA | S9: GRUPO | T9: N° DE EST. | U9: FECHA DEL EXAMEN PRÁCTICO | V9: HORA | W9: GRUPO | X9: N° DE EST.
B10: ='1° Parcial'!B10 -> CALCULO I | C10: ='1° Parcial'!C10 -> SIS-111 | D10: ='1° Parcial'!D10 -> 1º | E10: ='1° Parcial'!E10 -> TA-01 | F10: ='1° Parcial'!F10 -> JIMENA GIOVANNA ARNEZ MARTINEZ | G10: ='1° Parcial'!G10 | H10: =I10-3 -> 46364 | I10: ='2° Parcial'!J10+(7*3) -> 46367 | J10: ='1° Parcial'!K10 -> 0.46875 | L10: Si | M10: ='2° Parcial'!O10+(7*3) -> 46360 | N10: ='1° Parcial'!P10 -> 0.46875 | Q10: ='2° Parcial'!T10+(7*3) -> 77 | R10: ='1° Parcial'!U10 | U10: ='2° Parcial'!Y10+(7*3) -> 46367 | V10: ='1° Parcial'!Z10 -> 0.46875
B11: ='1° Parcial'!B11 -> FÍSICA I | C11: ='1° Parcial'!C11 -> SIS-112 | D11: ='1° Parcial'!D11 -> 1º | E11: ='1° Parcial'!E11 -> TA-01 | F11: ='1° Parcial'!F11 -> XIMENA WENDY CALIZAYA PEREZ | G11: ='1° Parcial'!G11 | H11: =I11-3 -> 46367 | I11: ='2° Parcial'!J11+(7*3) -> 46370 | J11: ='1° Parcial'!K11 -> 0.40625 | L11: No | M11: ='2° Parcial'!O11+(7*3) -> 46363 | N11: ='1° Parcial'!P11 -> 0.40625 | Q11: ='2° Parcial'!T11+(7*3) -> 77 | R11: ='1° Parcial'!U11 | U11: ='2° Parcial'!Y11+(7*3) -> 46370 | V11: ='1° Parcial'!Z11 -> 0.40625
B12: ='1° Parcial'!B12 -> PROGRAMACIÓN I | C12: ='1° Parcial'!C12 -> SIS-113 | D12: ='1° Parcial'!D12 -> 1º | E12: ='1° Parcial'!E12 -> TA-01 | F12: ='1° Parcial'!F12 -> ROSMERY LUIZAGA SALINAS | G12: ='1° Parcial'!G12 | H12: =I12-3 -> 46360 | I12: ='2° Parcial'!J12+(7*3) -> 46363 | J12: ='1° Parcial'!K12 -> 0.46875 | M12: ='2° Parcial'!O12+(7*3) -> 46356 | N12: ='1° Parcial'!P12 -> 0.46875 | Q12: ='2° Parcial'!T12+(7*3) -> 77 | R12: ='1° Parcial'!U12 | U12: ='2° Parcial'!Y12+(7*3) -> 46363 | V12: ='1° Parcial'!Z12 -> 0.46875
B13: ='1° Parcial'!B13 -> ÁLGEBRA | C13: ='1° Parcial'!C13 -> SIS-114 | D13: ='1° Parcial'!D13 -> 1º | E13: ='1° Parcial'!E13 -> TA-01 | F13: ='1° Parcial'!F13 -> ELIANA LESLY MICORDIA ROMERO | G13: ='1° Parcial'!G13 | H13: =I13-3 -> 46362 | I13: ='2° Parcial'!J13+(7*3) -> 46365 | J13: ='1° Parcial'!K13 -> 0.34375 | M13: ='2° Parcial'!O13+(7*3) -> 46358 | N13: ='1° Parcial'!P13 -> 0.34375 | Q13: ='2° Parcial'!T13+(7*3) -> 77 | R13: ='1° Parcial'!U13 | U13: ='2° Parcial'!Y13+(7*3) -> 46365 | V13: ='1° Parcial'!Z13 -> 0.34375
B14: ='1° Parcial'!B14 -> INGLÉS TÉCNICO I | C14: ='1° Parcial'!C14 -> SIS-115 | D14: ='1° Parcial'!D14 -> 1º | E14: ='1° Parcial'!E14 -> TA-01 | F14: ='1° Parcial'!F14 -> KARINA PAOLA LOPEZ ECHEVERRIA | G14: ='1° Parcial'!G14 | H14: =I14-3 -> 46354 | I14: ='2° Parcial'!J14+(7*3) -> 46357 | J14: ='1° Parcial'!K14 -> 0.34375 | M14: ='2° Parcial'!O14+(7*3) -> 46350 | N14: ='1° Parcial'!P14 -> 0.34375 | Q14: ='2° Parcial'!T14+(7*3) -> 77 | R14: ='1° Parcial'!U14 | U14: ='2° Parcial'!Y14+(7*3) -> 46357 | V14: ='1° Parcial'!Z14 -> 0.34375
B15: ='1° Parcial'!B15 -> INTRODUCCIÓN A LAS CIENCIAS DE LA COMPUTACIÓN | C15: ='1° Parcial'!C15 -> SIS-116 | D15: ='1° Parcial'!D15 -> 1º | E15: ='1° Parcial'!E15 -> TA-01 | F15: ='1° Parcial'!F15 -> WALTER JOSE CAZAS CASTRO | G15: ='1° Parcial'!G15 | H15: =I15-3 -> 46356 | I15: ='2° Parcial'!J15+(7*3) -> 46359 | J15: ='1° Parcial'!K15 -> 0.40625 | M15: ='2° Parcial'!O15+(7*3) -> 46352 | N15: ='1° Parcial'!P15 -> 0.40625 | Q15: ='2° Parcial'!T15+(7*3) -> 77 | R15: ='1° Parcial'!U15 | U15: ='2° Parcial'!Y15+(7*3) -> 46359 | V15: ='1° Parcial'!Z15 -> 0.40625
B16: ='1° Parcial'!B16 -> CALCULO II | C16: ='1° Parcial'!C16 -> SIS-121 | D16: ='1° Parcial'!D16 -> 2º | E16: ='1° Parcial'!E16 -> TA-01 | F16: ='1° Parcial'!F16 -> EDSON LUIS BASCOPE GALARZA | G16: ='1° Parcial'!G16 | H16: =I16-3 -> 46357 | I16: ='2° Parcial'!J16+(7*3) -> 46360 | J16: ='1° Parcial'!K16 -> 0.34375 | M16: ='2° Parcial'!O16+(7*3) -> 46353 | N16: ='1° Parcial'!P16 -> 0.34375 | Q16: ='2° Parcial'!T16+(7*3) -> 77 | R16: ='1° Parcial'!U16 | U16: ='2° Parcial'!Y16+(7*3) -> 46360 | V16: ='1° Parcial'!Z16 -> 0.34375
B17: ='1° Parcial'!B17 -> FÍSICA II | C17: ='1° Parcial'!C17 -> SIS-122 | D17: ='1° Parcial'!D17 -> 2º | E17: ='1° Parcial'!E17 -> TA-01 | F17: ='1° Parcial'!F17 -> JOSE DAVID QUIÑONES COCA | G17: ='1° Parcial'!G17 | H17: =I17-3 -> 46354 | I17: ='2° Parcial'!J17+(7*3) -> 46357 | J17: ='1° Parcial'!K17 -> 0.46875 | M17: ='2° Parcial'!O17+(7*3) -> 46350 | N17: ='1° Parcial'!P17 -> 0.46875 | Q17: ='2° Parcial'!T17+(7*3) -> 77 | R17: ='1° Parcial'!U17 | U17: ='2° Parcial'!Y17+(7*3) -> 46357 | V17: ='1° Parcial'!Z17 -> 0.46875
B18: ='1° Parcial'!B18 -> PROGRAMACIÓN II | C18: ='1° Parcial'!C18 -> SIS-123 | D18: ='1° Parcial'!D18 -> 2º | E18: ='1° Parcial'!E18 -> TA-01 | F18: ='1° Parcial'!F18 -> ROSMERY LUIZAGA SALINAS | G18: ='1° Parcial'!G18 | H18: =I18-3 -> 46361 | I18: ='2° Parcial'!J18+(7*3) -> 46364 | J18: ='1° Parcial'!K18 -> 0.34375 | M18: ='2° Parcial'!O18+(7*3) -> 46357 | N18: ='1° Parcial'!P18 -> 0.34375 | Q18: ='2° Parcial'!T18+(7*3) -> 77 | R18: ='1° Parcial'!U18 | U18: ='2° Parcial'!Y18+(7*3) -> 46364 | V18: ='1° Parcial'!Z18 -> 0.34375
B19: ='1° Parcial'!B19 -> ÁLGEBRA LINEAL | C19: ='1° Parcial'!C19 -> SIS-124 | D19: ='1° Parcial'!D19 -> 2º | E19: ='1° Parcial'!E19 -> TA-01 | F19: ='1° Parcial'!F19 -> XIMENA WENDY CALIZAYA PEREZ | G19: ='1° Parcial'!G19 | H19: =I19-3 -> 46367 | I19: ='2° Parcial'!J19+(7*3) -> 46370 | J19: ='1° Parcial'!K19 -> 0.46875 | M19: ='2° Parcial'!O19+(7*3) -> 46363 | N19: ='1° Parcial'!P19 -> 0.46875 | Q19: ='2° Parcial'!T19+(7*3) -> 77 | R19: ='1° Parcial'!U19 | U19: ='2° Parcial'!Y19+(7*3) -> 46370 | V19: ='1° Parcial'!Z19 -> 0.46875
B20: ='1° Parcial'!B20 -> INGLÉS TÉCNICO II | C20: ='1° Parcial'!C20 -> SIS-125 | D20: ='1° Parcial'!D20 -> 2º | E20: ='1° Parcial'!E20 -> TA-01 | F20: ='1° Parcial'!F20 -> KARINA PAOLA LOPEZ ECHEVERRIA | G20: ='1° Parcial'!G20 | H20: =I20-3 -> 46363 | I20: ='2° Parcial'!J20+(7*3) -> 46366 | J20: ='1° Parcial'!K20 -> 0.40625 | M20: ='2° Parcial'!O20+(7*3) -> 46359 | N20: ='1° Parcial'!P20 -> 0.40625 | Q20: ='2° Parcial'!T20+(7*3) -> 77 | R20: ='1° Parcial'!U20 | U20: ='2° Parcial'!Y20+(7*3) -> 46366 | V20: ='1° Parcial'!Z20 -> 0.40625
B21: ='1° Parcial'!B21 -> TALLER DE PROGRAMACIÓN I | C21: ='1° Parcial'!C21 -> SIS-126 | D21: ='1° Parcial'!D21 -> 2º | E21: ='1° Parcial'!E21 -> TA-01 | F21: ='1° Parcial'!F21 -> JANETH GIOVANA ALANEZ VILLEGAS | G21: ='1° Parcial'!G21 | H21: =I21-3 -> 46365 | I21: ='2° Parcial'!J21+(7*3) -> 46368 | J21: ='1° Parcial'!K21 -> 0.34375 | M21: ='2° Parcial'!O21+(7*3) -> 46361 | N21: ='1° Parcial'!P21 -> 0.34375 | Q21: ='2° Parcial'!T21+(7*3) -> 77 | R21: ='1° Parcial'!U21 | U21: ='2° Parcial'!Y21+(7*3) -> 46368 | V21: ='1° Parcial'!Z21 -> 0.34375
B22: ='1° Parcial'!B22 -> DISPOSITIVOS ELECTRÓNICOS | C22: ='1° Parcial'!C22 -> SIS-127 | D22: ='1° Parcial'!D22 -> 2º | E22: ='1° Parcial'!E22 -> TA-01 | F22: ='1° Parcial'!F22 -> EDUARDO CARLOS MOSCOSO RICALDI | G22: ='1° Parcial'!G22 | H22: =I22-3 -> 46355 | I22: ='2° Parcial'!J22+(7*3) -> 46358 | J22: ='1° Parcial'!K22 -> 0.34375 | M22: ='2° Parcial'!O22+(7*3) -> 46351 | N22: ='1° Parcial'!P22 -> 0.34375 | Q22: ='2° Parcial'!T22+(7*3) -> 77 | R22: ='1° Parcial'!U22 | U22: ='2° Parcial'!Y22+(7*3) -> 46358 | V22: ='1° Parcial'!Z22 -> 0.34375
B23: ='1° Parcial'!B23 -> ECUACIONES DIFERENCIALES | C23: ='1° Parcial'!C23 -> SIS-211 | D23: ='1° Parcial'!D23 -> 3º | E23: ='1° Parcial'!E23 -> TA-01 | F23: ='1° Parcial'!F23 -> MAURICIO QUIROZ LAFUENTE | G23: ='1° Parcial'!G23 | H23: =I23-3 -> 46360 | I23: ='2° Parcial'!J23+(7*3) -> 46363 | J23: ='1° Parcial'!K23 -> 0.34375 | M23: ='2° Parcial'!O23+(7*3) -> 46356 | N23: ='1° Parcial'!P23 -> 0.34375 | Q23: ='2° Parcial'!T23+(7*3) -> 77 | R23: ='1° Parcial'!U23 | U23: ='2° Parcial'!Y23+(7*3) -> 46363 | V23: ='1° Parcial'!Z23 -> 0.34375
... B59: ='1° Parcial'!B59 -> GESTIÓN DE CALIDAD ESTRATÉGICA DE PROYECTOS DE SOFTWARE | C59: ='1° Parcial'!C59 -> SIS-425 | D59: ='1° Parcial'!D59 -> 8º | E59: ='1° Parcial'!E59 -> TA-01 | F59: ='1° Parcial'!F59 -> AMILKAR JESUS MIRANDA ROMERO | G59: ='1° Parcial'!G59 | H59: =I59-3 -> 46364 | I59: ='2° Parcial'!J59+(7*3) -> 46367 | J59: ='1° Parcial'!K59 -> 0.71875 | M59: ='2° Parcial'!O59+(7*3) -> 46360 | N59: ='1° Parcial'!P59 -> 0.71875 | Q59: ='2° Parcial'!T59+(7*3) -> 77 | R59: ='1° Parcial'!U59 | U59: ='2° Parcial'!Y59+(7*3) -> 46367 | V59: ='1° Parcial'!Z59 -> 0.71875

Sheet 2° Instancia
B3: ='1° Parcial'!B3 -> UNIVERSIDAD TÉCNICA PRIVADA COSMOS
B4: ='1° Parcial'!B4 -> CARRERA DE INGENIERÍA DE SONIDO
B5: ='1° Parcial'!B5 -> SEDE COCHABAMBA
B6: ROL DE EXAMENES - EXAMEN FINAL
B7: GESTIÓN II/2026
B9: ASIGNATURA | C9: CÓDIGO | D9: SEMESTRE | E9: GRUPO | F9: NOMBRE DEL DOCENTE | G9: AUTORIDAD RESPONSABLE DEL EXAMEN | H9: FECHA DE ENVÍO DE EXAMEN | I9: FECHA DEL EXAMEN TEÓRICO | J9: HORA | K9: AULA
B10: ='1° Parcial'!B10 -> CALCULO I | C10: ='1° Parcial'!C10 -> SIS-111 | D10: ='1° Parcial'!D10 -> 1º | E10: ='1° Parcial'!E10 -> TA-01 | F10: ='1° Parcial'!F10 -> JIMENA GIOVANNA ARNEZ MARTINEZ | G10: ='1° Parcial'!G10 | H10: =I10-3 -> 46370 | I10: 46373 | J10: 0.71875
B11: ='1° Parcial'!B11 -> FÍSICA I | C11: ='1° Parcial'!C11 -> SIS-112 | D11: ='1° Parcial'!D11 -> 1º | E11: ='1° Parcial'!E11 -> TA-01 | F11: ='1° Parcial'!F11 -> XIMENA WENDY CALIZAYA PEREZ | G11: ='1° Parcial'!G11 | H11: =I11-3 -> 46370 | I11: 46373 | J11: 0.84375
B12: ='1° Parcial'!B12 -> PROGRAMACIÓN I | C12: ='1° Parcial'!C12 -> SIS-113 | D12: ='1° Parcial'!D12 -> 1º | E12: ='1° Parcial'!E12 -> TA-01 | F12: ='1° Parcial'!F12 -> ROSMERY LUIZAGA SALINAS | G12: ='1° Parcial'!G12 | H12: =I12-3 -> 46370 | I12: 46373 | J12: 0.71875
B13: ='1° Parcial'!B13 -> ÁLGEBRA | C13: ='1° Parcial'!C13 -> SIS-114 | D13: ='1° Parcial'!D13 -> 1º | E13: ='1° Parcial'!E13 -> TA-01 | F13: ='1° Parcial'!F13 -> ELIANA LESLY MICORDIA ROMERO | G13: ='1° Parcial'!G13 | H13: =I13-3 -> 46370 | I13: 46373 | J13: 0.78125
B14: ='1° Parcial'!B14 -> INGLÉS TÉCNICO I | C14: ='1° Parcial'!C14 -> SIS-115 | D14: ='1° Parcial'!D14 -> 1º | E14: ='1° Parcial'!E14 -> TA-01 | F14: ='1° Parcial'!F14 -> KARINA PAOLA LOPEZ ECHEVERRIA | G14: ='1° Parcial'!G14 | H14: =I14-3 -> 46370 | I14: 46373 | J14: 0.78125
B15: ='1° Parcial'!B15 -> INTRODUCCIÓN A LAS CIENCIAS DE LA COMPUTACIÓN | C15: ='1° Parcial'!C15 -> SIS-116 | D15: ='1° Parcial'!D15 -> 1º | E15: ='1° Parcial'!E15 -> TA-01 | F15: ='1° Parcial'!F15 -> WALTER JOSE CAZAS CASTRO | G15: ='1° Parcial'!G15 | H15: =I15-3 -> 46370 | I15: 46373 | J15: 0.71875
B16: ='1° Parcial'!B16 -> CALCULO II | C16: ='1° Parcial'!C16 -> SIS-121 | D16: ='1° Parcial'!D16 -> 2º | E16: ='1° Parcial'!E16 -> TA-01 | F16: ='1° Parcial'!F16 -> EDSON LUIS BASCOPE GALARZA | G16: ='1° Parcial'!G16 | H16: =I16-3 -> 46370 | I16: 46373 | J16: 0.78125
B17: ='1° Parcial'!B17 -> FÍSICA II | C17: ='1° Parcial'!C17 -> SIS-122 | D17: ='1° Parcial'!D17 -> 2º | E17: ='1° Parcial'!E17 -> TA-01 | F17: ='1° Parcial'!F17 -> JOSE DAVID QUIÑONES COCA | G17: ='1° Parcial'!G17 | H17: =I17-3 -> 46370 | I17: 46373 | J17: 0.84375
B18: ='1° Parcial'!B18 -> PROGRAMACIÓN II | C18: ='1° Parcial'!C18 -> SIS-123 | D18: ='1° Parcial'!D18 -> 2º | E18: ='1° Parcial'!E18 -> TA-01 | F18: ='1° Parcial'!F18 -> ROSMERY LUIZAGA SALINAS | G18: ='1° Parcial'!G18 | H18: =I18-3 -> 46370 | I18: 46373 | J18: 0.78125
B19: ='1° Parcial'!B19 -> ÁLGEBRA LINEAL | C19: ='1° Parcial'!C19 -> SIS-124 | D19: ='1° Parcial'!D19 -> 2º | E19: ='1° Parcial'!E19 -> TA-01 | F19: ='1° Parcial'!F19 -> XIMENA WENDY CALIZAYA PEREZ | G19: ='1° Parcial'!G19 | H19: =I19-3 -> 46370 | I19: 46373 | J19: 0.78125
B20: ='1° Parcial'!B20 -> INGLÉS TÉCNICO II | C20: ='1° Parcial'!C20 -> SIS-125 | D20: ='1° Parcial'!D20 -> 2º | E20: ='1° Parcial'!E20 -> TA-01 | F20: ='1° Parcial'!F20 -> KARINA PAOLA LOPEZ ECHEVERRIA | G20: ='1° Parcial'!G20 | H20: =I20-3 -> 46370 | I20: 46373 | J20: 0.71875
B21: ='1° Parcial'!B21 -> TALLER DE PROGRAMACIÓN I | C21: ='1° Parcial'!C21 -> SIS-126 | D21: ='1° Parcial'!D21 -> 2º | E21: ='1° Parcial'!E21 -> TA-01 | F21: ='1° Parcial'!F21 -> JANETH GIOVANA ALANEZ VILLEGAS | G21: ='1° Parcial'!G21 | H21: =I21-3 -> 46370 | I21: 46373 | J21: 0.78125
B22: ='1° Parcial'!B22 -> DISPOSITIVOS ELECTRÓNICOS | C22: ='1° Parcial'!C22 -> SIS-127 | D22: ='1° Parcial'!D22 -> 2º | E22: ='1° Parcial'!E22 -> TA-01 | F22: ='1° Parcial'!F22 -> EDUARDO CARLOS MOSCOSO RICALDI | G22: ='1° Parcial'!G22 | H22: =I22-3 -> 46370 | I22: 46373 | J22: 0.84375
B23: ='1° Parcial'!B23 -> ECUACIONES DIFERENCIALES | C23: ='1° Parcial'!C23 -> SIS-211 | D23: ='1° Parcial'!D23 -> 3º | E23: ='1° Parcial'!E23 -> TA-01 | F23: ='1° Parcial'!F23 -> MAURICIO QUIROZ LAFUENTE | G23: ='1° Parcial'!G23 | H23: =I23-3 -> 46370 | I23: 46373 | J23: 0.84375 | K23: No
B24: ='1° Parcial'!B24 -> SISTEMAS DIGITALES | C24: ='1° Parcial'!C24 -> SIS-212 | D24: ='1° Parcial'!D24 -> 3º | E24: ='1° Parcial'!E24 -> TA-01 | F24: ='1° Parcial'!F24 -> DANIEL CAMACHO PASTOR | G24: ='1° Parcial'!G24 | H24: =I24-3 -> 46370 | I24: 46373 | J24: 0.78125
B25: ='1° Parcial'!B25 -> PROGRAMACIÓN III | C25: ='1° Parcial'!C25 -> SIS-213 | D25: ='1° Parcial'!D25 -> 3º | E25: ='1° Parcial'!E25 -> TA-01 | F25: ='1° Parcial'!F25 -> ARIEL DENYS CAMARA ARZE | G25: ='1° Parcial'!G25 | H25: =I25-3 -> 46370 | I25: 46373 | J25: 0.71875
B26: ='1° Parcial'!B26 -> PROBALIDAD Y ESTADÍSTICA | C26: ='1° Parcial'!C26 -> SIS-214 | D26: ='1° Parcial'!D26 -> 3º | E26: ='1° Parcial'!E26 -> TA-01 | F26: ='1° Parcial'!F26 -> IVETT JACQUELINE TANCARA ZAMBRANA | G26: ='1° Parcial'!G26 | H26: =I26-3 -> 46370 | I26: 46373 | J26: 0.71875
B27: ='1° Parcial'!B27 -> INGLÉS TÉCNICO III | C27: ='1° Parcial'!C27 -> SIS-215 | D27: ='1° Parcial'!D27 -> 3º | E27: ='1° Parcial'!E27 -> TA-01 | F27: ='1° Parcial'!F27 -> KARINA PAOLA LOPEZ ECHEVERRIA | G27: ='1° Parcial'!G27 | H27: =I27-3 -> 46370 | I27: 46373 | J27: 0.78125
B28: ='1° Parcial'!B28 -> TALLER DE PROGRAMACIÓN II | C28: ='1° Parcial'!C28 -> SIS-216 | D28: ='1° Parcial'!D28 -> 3º | E28: ='1° Parcial'!E28 -> TA-01 | F28: ='1° Parcial'!F28 -> YAMIL YASMANI CRESPO AYALA | G28: ='1° Parcial'!G28 | H28: =I28-3 -> 46370 | I28: 46373 | J28: 0.40625
B29: ='1° Parcial'!B29 -> ÉTICA E INSTRUCCIÓN AL DERECHO INFORMÁTICO | C29: ='1° Parcial'!C29 -> SIS-217 | D29: ='1° Parcial'!D29 -> 3º | E29: ='1° Parcial'!E29 -> TA-01 | F29: ='1° Parcial'!F29 -> MARIA DE LOS ANGELES MENESES PARRA | G29: ='1° Parcial'!G29 | H29: =I29-3 -> 46370 | I29: 46373 | J29: 0.71875
B30: ='1° Parcial'!B30 -> MÉTODOS NUMÉRICOS | C30: ='1° Parcial'!C30 -> SIS-221 | D30: ='1° Parcial'!D30 -> 4º | E30: ='1° Parcial'!E30 -> TA-01 | F30: ='1° Parcial'!F30 -> JANETH GIOVANA ALANEZ VILLEGAS | G30: ='1° Parcial'!G30 | H30: =I30-3 -> 46370 | I30: 46373 | J30: 0.78125
B31: ='1° Parcial'!B31 -> REDACCIÓN, COMUNICACIÓN E INTERCULTURALIDAD | C31: ='1° Parcial'!C31 -> SIS-222 | D31: ='1° Parcial'!D31 -> 4º | E31: ='1° Parcial'!E31 -> TA-01 | F31: ='1° Parcial'!F31 -> MARIA DE LOS ANGELES MENESES PARRA | G31: ='1° Parcial'!G31 | H31: =I31-3 -> 46370 | I31: 46373 | J31: 0.78125
B32: ='1° Parcial'!B32 -> SISTEMAS OPERATIVOS | C32: ='1° Parcial'!C32 -> SIS-223 | D32: ='1° Parcial'!D32 -> 4º | E32: ='1° Parcial'!E32 -> TA-01 | F32: ='1° Parcial'!F32 -> GUSTAVO MAGARIÑOS CAMACHO | G32: ='1° Parcial'!G32 | H32: =I32-3 -> 46370 | I32: 46373 | J32: 0.71875
B33: ='1° Parcial'!B33 -> DISEÑO DE BASE DE DATOS | C33: ='1° Parcial'!C33 -> SIS-224 | D33: ='1° Parcial'!D33 -> 4º | E33: ='1° Parcial'!E33 -> TA-01 | F33: ='1° Parcial'!F33 -> WALTER JOSE CAZAS CASTRO | G33: ='1° Parcial'!G33 | H33: =I33-3 -> 46370 | I33: 46373 | J33: 0.78125
B34: ='1° Parcial'!B34 -> INGLÉS TÉCNICO IV | C34: ='1° Parcial'!C34 -> SIS-225 | D34: ='1° Parcial'!D34 -> 4º | E34: ='1° Parcial'!E34 -> TA-01 | F34: ='1° Parcial'!F34 -> EDUARDO CARLOS MOSCOSO RICALDI | G34: ='1° Parcial'!G34 | H34: =I34-3 -> 46370 | I34: 46373 | J34: 0.84375
B35: ='1° Parcial'!B35 -> TALLER DE PROGRAMACIÓN III | C35: ='1° Parcial'!C35 -> SIS-226 | D35: ='1° Parcial'!D35 -> 4º | E35: ='1° Parcial'!E35 -> TA-01 | F35: ='1° Parcial'!F35 -> YAMIL YASMANI CRESPO AYALA | G35: ='1° Parcial'!G35 | H35: =I35-3 -> 46370 | I35: 46373 | J35: 0.71875
... B59: ='1° Parcial'!B59 -> GESTIÓN DE CALIDAD ESTRATÉGICA DE PROYECTOS DE SOFTWARE | C59: ='1° Parcial'!C59 -> SIS-425 | D59: ='1° Parcial'!D59 -> 8º | E59: ='1° Parcial'!E59 -> TA-01 | F59: ='1° Parcial'!F59 -> AMILKAR JESUS MIRANDA ROMERO | G59: ='1° Parcial'!G59 | H59: =I59-3 -> 46370 | I59: 46373 | J59: 1.6354167

Sheet Rol de Examenes
B3: ='1° Parcial'!B3 -> UNIVERSIDAD TÉCNICA PRIVADA COSMOS
B4: ='1° Parcial'!B4 -> CARRERA DE INGENIERÍA DE SONIDO
B5: ='1° Parcial'!B5 -> SEDE COCHABAMBA
B6: ROL DE EXAMENES PARCIALES
B7: GESTIÓN II/2026
B9: ASIGNATURA | C9: CÓDIGO | D9: SEMESTRE | E9: GRUPO | F9: NOMBRE DEL DOCENTE | G9: EXAMENES TEÓRICOS | M9: EXAMENES PRÁCTICOS | AN9: 2° INSTANCIA
G10: 1° PARCIAL | I10: 2° PARCIAL | K10: EX. FINAL | M10: 1° PARCIAL | V10: 2° PARCIAL | AE10: EX. FINAL
G11: FECHA | H11: HORA | I11: FECHA | J11: HORA | K11: FECHA | L11: HORA | M11: FECHA | N11: HORA | O11: GRUPO | P11: FECHA | Q11: ='1° Parcial'!U9 -> HORA | R11: ='1° Parcial'!V9 -> GRUPO | S11: FECHA | T11: HORA | U11: GRUPO | V11: FECHA | W11: HORA | X11: GRUPO | Y11: FECHA | Z11: HORA | AA11: GRUPO | AB11: FECHA | AC11: HORA | AD11: GRUPO | AE11: FECHA | AF11: HORA | AG11: GRUPO | AH11: FECHA | AI11: HORA | AJ11: GRUPO | AK11: FECHA | AL11: HORA | AM11: GRUPO | AN11: FECHA | AO11: HORA
B12: ='1° Parcial'!B10 -> CALCULO I | C12: ='1° Parcial'!C10 -> SIS-111 | D12: ='1° Parcial'!D10 -> 1º | E12: ='1° Parcial'!E10 -> TA-01 | F12: ='1° Parcial'!F10 -> JIMENA GIOVANNA ARNEZ MARTINEZ | G12: ='1° Parcial'!J10 -> 46290 | H12: ='1° Parcial'!K10 -> 0.46875 | I12: ='2° Parcial'!J10 -> 46346 | J12: ='2° Parcial'!K10 -> 0.46875 | K12: =Ex.Final!I10 -> 46367 | L12: =Ex.Final!J10 -> 0.46875 | M12: ='1° Parcial'!O10 -> 46283 | N12: ='1° Parcial'!P10 -> 0.46875 | O12: ='1° Parcial'!Q10 -> A | P12: ='1° Parcial'!T10 | Q12: ='1° Parcial'!U10 | R12: ='1° Parcial'!V10 | S12: ='1° Parcial'!X10 | T12: ='1° Parcial'!Z10 -> 0.46875 | U12: ='1° Parcial'!AA10 | V12: ='2° Parcial'!O10 -> 46339 | W12: ='2° Parcial'!P10 -> 0.46875 | X12: ='2° Parcial'!Q10 -> A | Y12: ='2° Parcial'!T10 -> 56 | Z12: ='2° Parcial'!U10 | AA12: ='2° Parcial'!V10 | AB12: ='2° Parcial'!Y10 -> 46346 | AC12: ='2° Parcial'!Z10 -> 0.46875 | AD12: ='2° Parcial'!AA10 | AE12: =Ex.Final!I10 -> 46367 | AF12: =Ex.Final!J10 -> 0.46875 | AG12: =Ex.Final!O10 | AH12: =Ex.Final!Q10 -> 77 | AI12: =Ex.Final!R10 | AJ12: =Ex.Final!S10 | AK12: =Ex.Final!U10 -> 46367 | AL12: =Ex.Final!V10 -> 0.46875 | AM12: =Ex.Final!W10 | AN12: ='2° Instancia'!I10 -> 46373 | AO12: ='2° Instancia'!J10 -> 0.71875
B13: ='1° Parcial'!B11 -> FÍSICA I | C13: ='1° Parcial'!C11 -> SIS-112 | D13: ='1° Parcial'!D11 -> 1º | E13: ='1° Parcial'!E11 -> TA-01 | F13: ='1° Parcial'!F11 -> XIMENA WENDY CALIZAYA PEREZ | G13: ='1° Parcial'!J11 -> 46293 | H13: ='1° Parcial'!K11 -> 0.40625 | I13: ='2° Parcial'!J11 -> 46349 | J13: ='2° Parcial'!K11 -> 0.40625 | K13: =Ex.Final!I11 -> 46370 | L13: =Ex.Final!J11 -> 0.40625 | M13: ='1° Parcial'!O11 -> 46286 | N13: ='1° Parcial'!P11 -> 0.40625 | O13: ='1° Parcial'!Q11 -> A | P13: ='1° Parcial'!T11 | Q13: ='1° Parcial'!U11 | R13: ='1° Parcial'!V11 | S13: ='1° Parcial'!X11 | T13: ='1° Parcial'!Z11 -> 0.40625 | U13: ='1° Parcial'!AA11 | V13: ='2° Parcial'!O11 -> 46342 | W13: ='2° Parcial'!P11 -> 0.40625 | X13: ='2° Parcial'!Q11 -> A | Y13: ='2° Parcial'!T11 -> 56 | Z13: ='2° Parcial'!U11 | AA13: ='2° Parcial'!V11 | AB13: ='2° Parcial'!Y11 -> 46349 | AC13: ='2° Parcial'!Z11 -> 0.40625 | AD13: ='2° Parcial'!AA11 | AE13: =Ex.Final!I11 -> 46370 | AF13: =Ex.Final!J11 -> 0.40625 | AG13: =Ex.Final!O11 | AH13: =Ex.Final!Q11 -> 77 | AI13: =Ex.Final!R11 | AJ13: =Ex.Final!S11 | AK13: =Ex.Final!U11 -> 46370 | AL13: =Ex.Final!V11 -> 0.40625 | AM13: =Ex.Final!W11 | AN13: ='2° Instancia'!I11 -> 46373 | AO13: ='2° Instancia'!J11 -> 0.84375
B14: ='1° Parcial'!B12 -> PROGRAMACIÓN I | C14: ='1° Parcial'!C12 -> SIS-113 | D14: ='1° Parcial'!D12 -> 1º | E14: ='1° Parcial'!E12 -> TA-01 | F14: ='1° Parcial'!F12 -> ROSMERY LUIZAGA SALINAS | G14: ='1° Parcial'!J12 -> 46286 | H14: ='1° Parcial'!K12 -> 0.46875 | I14: ='2° Parcial'!J12 -> 46342 | J14: ='2° Parcial'!K12 -> 0.46875 | K14: =Ex.Final!I12 -> 46363 | L14: =Ex.Final!J12 -> 0.46875 | M14: ='1° Parcial'!O12 -> 46279 | N14: ='1° Parcial'!P12 -> 0.46875 | O14: ='1° Parcial'!Q12 -> A | P14: ='1° Parcial'!T12 | Q14: ='1° Parcial'!U12 | R14: ='1° Parcial'!V12 | S14: ='1° Parcial'!X12 | T14: ='1° Parcial'!Z12 -> 0.46875 | U14: ='1° Parcial'!AA12 | V14: ='2° Parcial'!O12 -> 46335 | W14: ='2° Parcial'!P12 -> 0.46875 | X14: ='2° Parcial'!Q12 -> A | Y14: ='2° Parcial'!T12 -> 56 | Z14: ='2° Parcial'!U12 | AA14: ='2° Parcial'!V12 | AB14: ='2° Parcial'!Y12 -> 46342 | AC14: ='2° Parcial'!Z12 -> 0.46875 | AD14: ='2° Parcial'!AA12 | AE14: =Ex.Final!I12 -> 46363 | AF14: =Ex.Final!J12 -> 0.46875 | AG14: =Ex.Final!O12 | AH14: =Ex.Final!Q12 -> 77 | AI14: =Ex.Final!R12 | AJ14: =Ex.Final!S12 | AK14: =Ex.Final!U12 -> 46363 | AL14: =Ex.Final!V12 -> 0.46875 | AM14: =Ex.Final!W12 | AN14: ='2° Instancia'!I12 -> 46373 | AO14: ='2° Instancia'!J12 -> 0.71875
B15: ='1° Parcial'!B13 -> ÁLGEBRA | C15: ='1° Parcial'!C13 -> SIS-114 | D15: ='1° Parcial'!D13 -> 1º | E15: ='1° Parcial'!E13 -> TA-01 | F15: ='1° Parcial'!F13 -> ELIANA LESLY MICORDIA ROMERO | G15: ='1° Parcial'!J13 -> 46288 | H15: ='1° Parcial'!K13 -> 0.34375 | I15: ='2° Parcial'!J13 -> 46344 | J15: ='2° Parcial'!K13 -> 0.34375 | K15: =Ex.Final!I13 -> 46365 | L15: =Ex.Final!J13 -> 0.34375 | M15: ='1° Parcial'!O13 -> 46281 | N15: ='1° Parcial'!P13 -> 0.34375 | O15: ='1° Parcial'!Q13 -> A | P15: ='1° Parcial'!T13 | Q15: ='1° Parcial'!U13 | R15: ='1° Parcial'!V13 | S15: ='1° Parcial'!X13 | T15: ='1° Parcial'!Z13 -> 0.34375 | U15: ='1° Parcial'!AA13 | V15: ='2° Parcial'!O13 -> 46337 | W15: ='2° Parcial'!P13 -> 0.34375 | X15: ='2° Parcial'!Q13 -> A | Y15: ='2° Parcial'!T13 -> 56 | Z15: ='2° Parcial'!U13 | AA15: ='2° Parcial'!V13 | AB15: ='2° Parcial'!Y13 -> 46344 | AC15: ='2° Parcial'!Z13 -> 0.34375 | AD15: ='2° Parcial'!AA13 | AE15: =Ex.Final!I13 -> 46365 | AF15: =Ex.Final!J13 -> 0.34375 | AG15: =Ex.Final!O13 | AH15: =Ex.Final!Q13 -> 77 | AI15: =Ex.Final!R13 | AJ15: =Ex.Final!S13 | AK15: =Ex.Final!U13 -> 46365 | AL15: =Ex.Final!V13 -> 0.34375 | AM15: =Ex.Final!W13 | AN15: ='2° Instancia'!I13 -> 46373 | AO15: ='2° Instancia'!J13 -> 0.78125
B16: ='1° Parcial'!B14 -> INGLÉS TÉCNICO I | C16: ='1° Parcial'!C14 -> SIS-115 | D16: ='1° Parcial'!D14 -> 1º | E16: ='1° Parcial'!E14 -> TA-01 | F16: ='1° Parcial'!F14 -> KARINA PAOLA LOPEZ ECHEVERRIA | G16: ='1° Parcial'!J14 -> 46280 | H16: ='1° Parcial'!K14 -> 0.34375 | I16: ='2° Parcial'!J14 -> 46336 | J16: ='2° Parcial'!K14 -> 0.34375 | K16: =Ex.Final!I14 -> 46357 | L16: =Ex.Final!J14 -> 0.34375 | M16: ='1° Parcial'!O14 -> 46273 | N16: ='1° Parcial'!P14 -> 0.34375 | O16: ='1° Parcial'!Q14 -> A | P16: ='1° Parcial'!T14 | Q16: ='1° Parcial'!U14 | R16: ='1° Parcial'!V14 | S16: ='1° Parcial'!X14 | T16: ='1° Parcial'!Z14 -> 0.34375 | U16: ='1° Parcial'!AA14 | V16: ='2° Parcial'!O14 -> 46329 | W16: ='2° Parcial'!P14 -> 0.34375 | X16: ='2° Parcial'!Q14 -> A | Y16: ='2° Parcial'!T14 -> 56 | Z16: ='2° Parcial'!U14 | AA16: ='2° Parcial'!V14 | AB16: ='2° Parcial'!Y14 -> 46336 | AC16: ='2° Parcial'!Z14 -> 0.34375 | AD16: ='2° Parcial'!AA14 | AE16: =Ex.Final!I14 -> 46357 | AF16: =Ex.Final!J14 -> 0.34375 | AG16: =Ex.Final!O14 | AH16: =Ex.Final!Q14 -> 77 | AI16: =Ex.Final!R14 | AJ16: =Ex.Final!S14 | AK16: =Ex.Final!U14 -> 46357 | AL16: =Ex.Final!V14 -> 0.34375 | AM16: =Ex.Final!W14 | AN16: ='2° Instancia'!I14 -> 46373 | AO16: ='2° Instancia'!J14 -> 0.78125
B17: ='1° Parcial'!B15 -> INTRODUCCIÓN A LAS CIENCIAS DE LA COMPUTACIÓN | C17: ='1° Parcial'!C15 -> SIS-116 | D17: ='1° Parcial'!D15 -> 1º | E17: ='1° Parcial'!E15 -> TA-01 | F17: ='1° Parcial'!F15 -> WALTER JOSE CAZAS CASTRO | G17: ='1° Parcial'!J15 -> 46282 | H17: ='1° Parcial'!K15 -> 0.40625 | I17: ='2° Parcial'!J15 -> 46338 | J17: ='2° Parcial'!K15 -> 0.40625 | K17: =Ex.Final!I15 -> 46359 | L17: =Ex.Final!J15 -> 0.40625 | M17: ='1° Parcial'!O15 -> 46275 | N17: ='1° Parcial'!P15 -> 0.40625 | O17: ='1° Parcial'!Q15 -> A | P17: ='1° Parcial'!T15 | Q17: ='1° Parcial'!U15 | R17: ='1° Parcial'!V15 | S17: ='1° Parcial'!X15 | T17: ='1° Parcial'!Z15 -> 0.40625 | U17: ='1° Parcial'!AA15 | V17: ='2° Parcial'!O15 -> 46331 | W17: ='2° Parcial'!P15 -> 0.40625 | X17: ='2° Parcial'!Q15 -> A | Y17: ='2° Parcial'!T15 -> 56 | Z17: ='2° Parcial'!U15 | AA17: ='2° Parcial'!V15 | AB17: ='2° Parcial'!Y15 -> 46338 | AC17: ='2° Parcial'!Z15 -> 0.40625 | AD17: ='2° Parcial'!AA15 | AE17: =Ex.Final!I15 -> 46359 | AF17: =Ex.Final!J15 -> 0.40625 | AG17: =Ex.Final!O15 | AH17: =Ex.Final!Q15 -> 77 | AI17: =Ex.Final!R15 | AJ17: =Ex.Final!S15 | AK17: =Ex.Final!U15 -> 46359 | AL17: =Ex.Final!V15 -> 0.40625 | AM17: =Ex.Final!W15 | AN17: ='2° Instancia'!I15 -> 46373 | AO17: ='2° Instancia'!J15 -> 0.71875
B18: ='1° Parcial'!B16 -> CALCULO II | C18: ='1° Parcial'!C16 -> SIS-121 | D18: ='1° Parcial'!D16 -> 2º | E18: ='1° Parcial'!E16 -> TA-01 | F18: ='1° Parcial'!F16 -> EDSON LUIS BASCOPE GALARZA | G18: ='1° Parcial'!J16 -> 46283 | H18: ='1° Parcial'!K16 -> 0.34375 | I18: ='2° Parcial'!J16 -> 46339 | J18: ='2° Parcial'!K16 -> 0.34375 | K18: =Ex.Final!I16 -> 46360 | L18: =Ex.Final!J16 -> 0.34375 | M18: ='1° Parcial'!O16 -> 46276 | N18: ='1° Parcial'!P16 -> 0.34375 | O18: ='1° Parcial'!Q16 -> A | P18: ='1° Parcial'!T16 | Q18: ='1° Parcial'!U16 | R18: ='1° Parcial'!V16 | S18: ='1° Parcial'!X16 | T18: ='1° Parcial'!Z16 -> 0.34375 | U18: ='1° Parcial'!AA16 | V18: ='2° Parcial'!O16 -> 46332 | W18: ='2° Parcial'!P16 -> 0.34375 | X18: ='2° Parcial'!Q16 -> A | Y18: ='2° Parcial'!T16 -> 56 | Z18: ='2° Parcial'!U16 | AA18: ='2° Parcial'!V16 | AB18: ='2° Parcial'!Y16 -> 46339 | AC18: ='2° Parcial'!Z16 -> 0.34375 | AD18: ='2° Parcial'!AA16 | AE18: =Ex.Final!I16 -> 46360 | AF18: =Ex.Final!J16 -> 0.34375 | AG18: =Ex.Final!O16 | AH18: =Ex.Final!Q16 -> 77 | AI18: =Ex.Final!R16 | AJ18: =Ex.Final!S16 | AK18: =Ex.Final!U16 -> 46360 | AL18: =Ex.Final!V16 -> 0.34375 | AM18: =Ex.Final!W16 | AN18: ='2° Instancia'!I16 -> 46373 | AO18: ='2° Instancia'!J16 -> 0.78125
B19: ='1° Parcial'!B17 -> FÍSICA II | C19: ='1° Parcial'!C17 -> SIS-122 | D19: ='1° Parcial'!D17 -> 2º | E19: ='1° Parcial'!E17 -> TA-01 | F19: ='1° Parcial'!F17 -> JOSE DAVID QUIÑONES COCA | G19: ='1° Parcial'!J17 -> 46280 | H19: ='1° Parcial'!K17 -> 0.46875 | I19: ='2° Parcial'!J17 -> 46336 | J19: ='2° Parcial'!K17 -> 0.46875 | K19: =Ex.Final!I17 -> 46357 | L19: =Ex.Final!J17 -> 0.46875 | M19: ='1° Parcial'!O17 -> 46273 | N19: ='1° Parcial'!P17 -> 0.46875 | O19: ='1° Parcial'!Q17 -> A | P19: ='1° Parcial'!T17 | Q19: ='1° Parcial'!U17 | R19: ='1° Parcial'!V17 | S19: ='1° Parcial'!X17 | T19: ='1° Parcial'!Z17 -> 0.46875 | U19: ='1° Parcial'!AA17 | V19: ='2° Parcial'!O17 -> 46329 | W19: ='2° Parcial'!P17 -> 0.46875 | X19: ='2° Parcial'!Q17 -> A | Y19: ='2° Parcial'!T17 -> 56 | Z19: ='2° Parcial'!U17 | AA19: ='2° Parcial'!V17 | AB19: ='2° Parcial'!Y17 -> 46336 | AC19: ='2° Parcial'!Z17 -> 0.46875 | AD19: ='2° Parcial'!AA17 | AE19: =Ex.Final!I17 -> 46357 | AF19: =Ex.Final!J17 -> 0.46875 | AG19: =Ex.Final!O17 | AH19: =Ex.Final!Q17 -> 77 | AI19: =Ex.Final!R17 | AJ19: =Ex.Final!S17 | AK19: =Ex.Final!U17 -> 46357 | AL19: =Ex.Final!V17 -> 0.46875 | AM19: =Ex.Final!W17 | AN19: ='2° Instancia'!I17 -> 46373 | AO19: ='2° Instancia'!J17 -> 0.84375
B20: ='1° Parcial'!B18 -> PROGRAMACIÓN II | C20: ='1° Parcial'!C18 -> SIS-123 | D20: ='1° Parcial'!D18 -> 2º | E20: ='1° Parcial'!E18 -> TA-01 | F20: ='1° Parcial'!F18 -> ROSMERY LUIZAGA SALINAS | G20: ='1° Parcial'!J18 -> 46287 | H20: ='1° Parcial'!K18 -> 0.34375 | I20: ='2° Parcial'!J18 -> 46343 | J20: ='2° Parcial'!K18 -> 0.34375 | K20: =Ex.Final!I18 -> 46364 | L20: =Ex.Final!J18 -> 0.34375 | M20: ='1° Parcial'!O18 -> 46280 | N20: ='1° Parcial'!P18 -> 0.34375 | O20: ='1° Parcial'!Q18 -> A | P20: ='1° Parcial'!T18 | Q20: ='1° Parcial'!U18 | R20: ='1° Parcial'!V18 | S20: ='1° Parcial'!X18 | T20: ='1° Parcial'!Z18 -> 0.34375 | U20: ='1° Parcial'!AA18 | V20: ='2° Parcial'!O18 -> 46336 | W20: ='2° Parcial'!P18 -> 0.34375 | X20: ='2° Parcial'!Q18 -> A | Y20: ='2° Parcial'!T18 -> 56 | Z20: ='2° Parcial'!U18 | AA20: ='2° Parcial'!V18 | AB20: ='2° Parcial'!Y18 -> 46343 | AC20: ='2° Parcial'!Z18 -> 0.34375 | AD20: ='2° Parcial'!AA18 | AE20: =Ex.Final!I18 -> 46364 | AF20: =Ex.Final!J18 -> 0.34375 | AG20: =Ex.Final!O18 | AH20: =Ex.Final!Q18 -> 77 | AI20: =Ex.Final!R18 | AJ20: =Ex.Final!S18 | AK20: =Ex.Final!U18 -> 46364 | AL20: =Ex.Final!V18 -> 0.34375 | AM20: =Ex.Final!W18 | AN20: ='2° Instancia'!I18 -> 46373 | AO20: ='2° Instancia'!J18 -> 0.78125
B21: ='1° Parcial'!B19 -> ÁLGEBRA LINEAL | C21: ='1° Parcial'!C19 -> SIS-124 | D21: ='1° Parcial'!D19 -> 2º | E21: ='1° Parcial'!E19 -> TA-01 | F21: ='1° Parcial'!F19 -> XIMENA WENDY CALIZAYA PEREZ | G21: ='1° Parcial'!J19 -> 46293 | H21: ='1° Parcial'!K19 -> 0.46875 | I21: ='2° Parcial'!J19 -> 46349 | J21: ='2° Parcial'!K19 -> 0.46875 | K21: =Ex.Final!I19 -> 46370 | L21: =Ex.Final!J19 -> 0.46875 | M21: ='1° Parcial'!O19 -> 46286 | N21: ='1° Parcial'!P19 -> 0.46875 | O21: ='1° Parcial'!Q19 -> A | P21: ='1° Parcial'!T19 | Q21: ='1° Parcial'!U19 | R21: ='1° Parcial'!V19 | S21: ='1° Parcial'!X19 | T21: ='1° Parcial'!Z19 -> 0.46875 | U21: ='1° Parcial'!AA19 | V21: ='2° Parcial'!O19 -> 46342 | W21: ='2° Parcial'!P19 -> 0.46875 | X21: ='2° Parcial'!Q19 -> A | Y21: ='2° Parcial'!T19 -> 56 | Z21: ='2° Parcial'!U19 | AA21: ='2° Parcial'!V19 | AB21: ='2° Parcial'!Y19 -> 46349 | AC21: ='2° Parcial'!Z19 -> 0.46875 | AD21: ='2° Parcial'!AA19 | AE21: =Ex.Final!I19 -> 46370 | AF21: =Ex.Final!J19 -> 0.46875 | AG21: =Ex.Final!O19 | AH21: =Ex.Final!Q19 -> 77 | AI21: =Ex.Final!R19 | AJ21: =Ex.Final!S19 | AK21: =Ex.Final!U19 -> 46370 | AL21: =Ex.Final!V19 -> 0.46875 | AM21: =Ex.Final!W19 | AN21: ='2° Instancia'!I19 -> 46373 | AO21: ='2° Instancia'!J19 -> 0.78125
B22: ='1° Parcial'!B20 -> INGLÉS TÉCNICO II | C22: ='1° Parcial'!C20 -> SIS-125 | D22: ='1° Parcial'!D20 -> 2º | E22: ='1° Parcial'!E20 -> TA-01 | F22: ='1° Parcial'!F20 -> KARINA PAOLA LOPEZ ECHEVERRIA | G22: ='1° Parcial'!J20 -> 46289 | H22: ='1° Parcial'!K20 -> 0.40625 | I22: ='2° Parcial'!J20 -> 46345 | J22: ='2° Parcial'!K20 -> 0.40625 | K22: =Ex.Final!I20 -> 46366 | L22: =Ex.Final!J20 -> 0.40625 | M22: ='1° Parcial'!O20 -> 46282 | N22: ='1° Parcial'!P20 -> 0.40625 | O22: ='1° Parcial'!Q20 -> A | P22: ='1° Parcial'!T20 | Q22: ='1° Parcial'!U20 | R22: ='1° Parcial'!V20 | S22: ='1° Parcial'!X20 | T22: ='1° Parcial'!Z20 -> 0.40625 | U22: ='1° Parcial'!AA20 | V22: ='2° Parcial'!O20 -> 46338 | W22: ='2° Parcial'!P20 -> 0.40625 | X22: ='2° Parcial'!Q20 -> A | Y22: ='2° Parcial'!T20 -> 56 | Z22: ='2° Parcial'!U20 | AA22: ='2° Parcial'!V20 | AB22: ='2° Parcial'!Y20 -> 46345 | AC22: ='2° Parcial'!Z20 -> 0.40625 | AD22: ='2° Parcial'!AA20 | AE22: =Ex.Final!I20 -> 46366 | AF22: =Ex.Final!J20 -> 0.40625 | AG22: =Ex.Final!O20 | AH22: =Ex.Final!Q20 -> 77 | AI22: =Ex.Final!R20 | AJ22: =Ex.Final!S20 | AK22: =Ex.Final!U20 -> 46366 | AL22: =Ex.Final!V20 -> 0.40625 | AM22: =Ex.Final!W20 | AN22: ='2° Instancia'!I20 -> 46373 | AO22: ='2° Instancia'!J20 -> 0.71875
B23: ='1° Parcial'!B21 -> TALLER DE PROGRAMACIÓN I | C23: ='1° Parcial'!C21 -> SIS-126 | D23: ='1° Parcial'!D21 -> 2º | E23: ='1° Parcial'!E21 -> TA-01 | F23: ='1° Parcial'!F21 -> JANETH GIOVANA ALANEZ VILLEGAS | G23: ='1° Parcial'!J21 -> 46291 | H23: ='1° Parcial'!K21 -> 0.34375 | I23: ='2° Parcial'!J21 -> 46347 | J23: ='2° Parcial'!K21 -> 0.34375 | K23: =Ex.Final!I21 -> 46368 | L23: =Ex.Final!J21 -> 0.34375 | M23: ='1° Parcial'!O21 -> 46284 | N23: ='1° Parcial'!P21 -> 0.34375 | O23: ='1° Parcial'!Q21 -> A | P23: ='1° Parcial'!T21 | Q23: ='1° Parcial'!U21 | R23: ='1° Parcial'!V21 | S23: ='1° Parcial'!X21 | T23: ='1° Parcial'!Z21 -> 0.34375 | U23: ='1° Parcial'!AA21 | V23: ='2° Parcial'!O21 -> 46340 | W23: ='2° Parcial'!P21 -> 0.34375 | X23: ='2° Parcial'!Q21 -> A | Y23: ='2° Parcial'!T21 -> 56 | Z23: ='2° Parcial'!U21 | AA23: ='2° Parcial'!V21 | AB23: ='2° Parcial'!Y21 -> 46347 | AC23: ='2° Parcial'!Z21 -> 0.34375 | AD23: ='2° Parcial'!AA21 | AE23: =Ex.Final!I21 -> 46368 | AF23: =Ex.Final!J21 -> 0.34375 | AG23: =Ex.Final!O21 | AH23: =Ex.Final!Q21 -> 77 | AI23: =Ex.Final!R21 | AJ23: =Ex.Final!S21 | AK23: =Ex.Final!U21 -> 46368 | AL23: =Ex.Final!V21 -> 0.34375 | AM23: =Ex.Final!W21 | AN23: ='2° Instancia'!I21 -> 46373 | AO23: ='2° Instancia'!J21 -> 0.78125
... B61: ='1° Parcial'!B59 -> GESTIÓN DE CALIDAD ESTRATÉGICA DE PROYECTOS DE SOFTWARE | C61: ='1° Parcial'!C59 -> SIS-425 | D61: ='1° Parcial'!D59 -> 8º | E61: ='1° Parcial'!E59 -> TA-01 | F61: ='1° Parcial'!F59 -> AMILKAR JESUS MIRANDA ROMERO | G61: ='1° Parcial'!J59 -> 46290 | H61: ='1° Parcial'!K59 -> 0.71875 | I61: ='2° Parcial'!J59 -> 46346 | J61: ='2° Parcial'!K59 -> 0.71875 | K61: =Ex.Final!I59 -> 46367 | L61: =Ex.Final!J59 -> 0.71875 | M61: ='1° Parcial'!O59 -> 46283 | N61: ='1° Parcial'!P59 -> 0.71875 | O61: ='1° Parcial'!Q59 -> A | P61: ='1° Parcial'!T59 | Q61: ='1° Parcial'!U59 | R61: ='1° Parcial'!V59 | S61: ='1° Parcial'!X59 | T61: ='1° Parcial'!Z59 -> 0.71875 | U61: ='1° Parcial'!AA59 | V61: ='2° Parcial'!O59 -> 46339 | W61: ='2° Parcial'!P59 -> 0.71875 | X61: ='2° Parcial'!Q59 -> A | Y61: ='2° Parcial'!T59 -> 56 | Z61: ='2° Parcial'!U59 | AA61: ='2° Parcial'!V59 | AB61: ='2° Parcial'!Y59 -> 46346 | AC61: ='2° Parcial'!Z59 -> 0.71875 | AD61: ='2° Parcial'!AA59 | AE61: =Ex.Final!I59 -> 46367 | AF61: =Ex.Final!J59 -> 0.71875 | AG61: =Ex.Final!O59 | AH61: =Ex.Final!Q59 -> 77 | AI61: =Ex.Final!R59 | AJ61: =Ex.Final!S59 | AK61: =Ex.Final!U59 -> 46367 | AL61: =Ex.Final!V59 -> 0.71875 | AM61: =Ex.Final!W59 | AN61: ='2° Instancia'!I59 -> 46373 | AO61: ='2° Instancia'!J59 -> 1.6354167
