Workbook
Name LISTA_TIPOS_2P: VALIDACIONES!$A$1:$A$8
Name RESP_VF: VALIDACIONES!$B$1:$B$2
Name RESP_ABCD: VALIDACIONES!$C$1:$C$4
Name RESP_ABCDE: VALIDACIONES!$D$1:$D$5
Name RESP_VACIA: VALIDACIONES!$E$1
Name DIFICULTADES_123: VALIDACIONES!$F$1:$F$3
Name PARCIAL_ACTIVO_BANCO: VALIDACIONES!$G$1
Name RESP_CLAVE: VALIDACIONES!$H$1:$H$5
Name MAPA_RESPUESTA_TIPO: VALIDACIONES!$J$1:$K$6
Name TIPOS_REQUIEREN_GRUPO: VALIDACIONES!$L$1:$L$4
Name TIPOS_SIN_DIFICULTAD: VALIDACIONES!$M$1:$M$2
Name TIPOS_OPCION_D: VALIDACIONES!$N$1:$N$6
Name TIPOS_OPCION_E: VALIDACIONES!$O$1:$O$6
Name TIPOS_OPCION_F: VALIDACIONES!$P$1:$P$5
Name TIPOS_OPCION_G: VALIDACIONES!$Q$1:$Q$5
Name TIPOS_OPCION_H: VALIDACIONES!$R$1:$R$3

Sheet Instrucciones
A1: BANCO DE PREGUNTAS - GUIA OFICIAL
A3: 1. CODIGOS DE PREGUNTA (Columna TIPO)
A4: Verdadero o Falso Simple | B4: Se completan automáticamente opcion_a=Verdadero y opcion_b=Falso. Deje opcion_c, opcion_d y opcion_e vacías.
A5: Verdadero o Falso Complejas | B5: Escriba las premisas 1-4 en opcion_a a opcion_d. opcion_e se completa vacía; respuesta_correcta puede ser A, B, C, D o E según la combinación de premisas.
A6: Selección de la mejor respuesta | B6: Complete las cinco alternativas en opcion_a a opcion_e y marque una sola letra en respuesta_correcta.
A7: Respuesta A/B/Ambas/Ninguna | B7: Se completan automáticamente las opciones A-D. opcion_e debe permanecer vacía y respuesta_correcta debe ser A, B, C o D.
A8: Ítems agrupados por caso clínico o problema | B8: Solo complete grupo y enunciado. Este tronco no lleva opciones, dificultad ni respuesta_correcta.
A9: Subítem de caso o problema | B9: Complete grupo, enunciado, las cinco alternativas y respuesta_correcta. El subítem sí lleva dificultad.
A10: Emparejamiento Ampliado | B10: Complete grupo y enunciado con las claves de emparejamiento. Este tronco no lleva dificultad ni respuesta_correcta.
A11: Opción de Emparejamiento Ampliado | B11: Complete grupo, enunciado y respuesta_correcta. No lleva opciones en columnas ni dificultad.
A13: 2. RESPUESTAS VALIDAS
A14: Verdadero o Falso Complejas | B14: Use una de las combinaciones fijas: A: 1, 2, 3 correctas; B: 1 y 3 correctas; C: 2 y 4 correctas; D: Solo 4 es correcta; E: Todas son correctas.
A15: Selección de la mejor respuesta / Subítem de caso o problema | B15: Use una sola letra: A, B, C, D o E.
A16: Emparejamiento Ampliado / Ítems agrupados por caso clínico o problema | B16: Deje respuesta_correcta vacia.
A17: Respuesta A/B/Ambas/Ninguna | B17: La respuesta_correcta solo puede ser A, B, C o D.
A18: Verdadero o Falso Simple | B18: A para Verdadero, B para Falso.
A19: Opción de Emparejamiento Ampliado | B19: Use la letra correcta segun las opciones activas definidas en el encabezado del emparejamiento.
A20: Ítems agrupados por caso clínico o problema | B20: No debe llevar respuesta_correcta.
A22: 3. CONFIGURACION DEL EXAMEN
A23: Dificultad (Nivel) | B23: 1 (Facil), 2 (Medio), 3 (Dificil). Casos/problemas y Emparejamiento Ampliado no llevan dificultad.
A24: Parcial activo | B24: 2P (2do Parcial)
A25: Registro por grupo | B25: En el 2do Parcial el banco se organiza y se valida individualmente por grupo teorico.
A26: Columna observaciones | B26: La columna L se completa automaticamente y te dira si la fila esta OK o que campos faltan/revisar.
A27: M (imagen_base64) | B27: Imagen opcional. Puede incluir #sea-size=GRANDE, MEDIANA, PEQUENA o MUY_PEQUENA; MEDIANA es el tamaño predeterminado.
A28: NOTAS IMPORTANTES
A29: - No elimine columnas ni cambie el nombre de la hoja "Banco".
A30: - IMPORTANTE: Respuesta A/B/Ambas/Ninguna usa solo las premisas I. y II. en enunciado; opcion_a a opcion_d lleva las respuestas fijas y opcion_e no se usa.
A31: - IMPORTANTE: Verdadero o Falso Complejas usa los incisos 1, 2, 3 y 4 en opcion_a a opcion_d. opcion_e debe quedar vacia; respuesta_correcta puede ser A, B, C, D o E, porque E representa una combinacion.
A32: - IMPORTANTE: Casos/problemas y Emparejamiento Ampliado son encabezados y no deben tener dificultad.
A33: - IMPORTANTE: Si la columna L no indica "OK", corrige esa fila antes de importar.
A34: - Conteo por grupos de tipo: Grupo 1 = VF simple + VF complejas + A/B/Ambas/Ninguna. Grupo 2 = mejor respuesta. Grupo 3 = casos/problemas y emparejamiento ampliado.
A35: AYUDA RÁPIDA PARA INCISOS
A36: Verdadero o Falso Simple | B36: A=Verdadero y B=Falso se completan automáticamente; deje C-E vacíos.
A37: Respuesta A/B/Ambas/Ninguna | B37: A-D se completan automáticamente; deje E vacío.
A38: Verdadero o Falso Complejas | B38: Escriba las premisas 1-4 en A-D; E vacío. La respuesta correcta puede ser A-E por las combinaciones.
A39: Selección de la mejor respuesta | B39: Complete las cinco alternativas A-E y luego indique una sola letra como respuesta correcta.
A40: Subítem de caso o problema | B40: Complete las cinco alternativas A-E, respuesta_correcta y dificultad.

Sheet Banco
A1: tipo | B1: grupo | C1: enunciado | D1: opcion_a | E1: opcion_b | F1: opcion_c | G1: opcion_d | H1: opcion_e | I1: respuesta_correcta | J1: dificultad | K1: parcial | L1: observaciones | M1: imagen_base64 | Q1: _obs_1 | R1: _obs_2 | S1: _obs_3 | T1: _obs_4 | U1: _obs_1 | V1: _obs_2 | W1: _obs_3 | X1: _obs_4 | Y1: _obs_1 | Z1: _obs_2 | AA1: _obs_3 | AB1: _obs_4 | AC1: _obs_1 | AD1: _obs_2 | AE1: _obs_3 | AF1: _obs_4 | AG1: _obs_1 | AH1: _obs_2 | AI1: _obs_3 | AJ1: _obs_4 | AK1: _obs_1 | AL1: _obs_2 | AM1: _obs_3 | AN1: _obs_4 | AO1: CONTROL DE DISTRIBUCIÓN – 2P
D2: =IF($A2="Verdadero o Falso Simple","Verdadero",IF($A2="Respuesta A/B/Ambas/Ninguna","A. Si la primera es verdadera",IF($A2="Verdadero o Falso Complejas","1. ",""))) | E2: =IF($A2="Verdadero o Falso Simple","Falso",IF($A2="Respuesta A/B/Ambas/Ninguna","B. Si la segunda es verdadera",IF($A2="Verdadero o Falso Complejas","2. ",""))) | F2: =IF($A2="Respuesta A/B/Ambas/Ninguna","C. Si ambas son verdaderas",IF($A2="Verdadero o Falso Complejas","3. ","")) | G2: =IF($A2="Respuesta A/B/Ambas/Ninguna","D. Si ninguna es verdadera",IF($A2="Verdadero o Falso Complejas","4. ","")) | H2: =IF($A2="Verdadero o Falso Simple","",IF($A2="Respuesta A/B/Ambas/Ninguna","",IF($A2="Verdadero o Falso Complejas","",""))) | J2: 1 | K2: 2P | L2: =IF(TRIM($A2)="","",IF(OR($A2="Selección de la mejor respuesta",$A2="SELECCION_MEJOR_RESPUESTA",$A2="Subítem de caso o problema",$A2="SUBITEM_CASO"),IF(TRIM($C2)="","Completar enunciado",IF(SUMPRODUCT(--(LEN(TRIM($D2:$H2&""))>0))<5,"Completar opciones A-E",IF(AND(TRIM($I2)<>"",OR(LEFT(TRIM($I2),1)="A",LEFT(TRIM($I2),1)="B",LEFT(TRIM($I2),1)="C",LEFT(TRIM($I2),1)="D",LEFT(TRIM($I2),1)="E")),"OK","Completar respuesta correcta A-E"))),IF(TRIM($A2)="","",IF(COUNTIF($Q2:$AJ2,"?*")=0,"OK","Falta revisar: "&$Q2&$R2&$S2&$T2&$U2&$V2&$W2&$X2&$Y2&$Z2&$AA2&$AB2&$AC2&$AD2&$AE2&$AF2&$AG2&$AH2&$AI2&$AJ2)))) | Q2: =IF(TRIM($C2)="","enunciado","") | R2: =IF(TRIM($K2)="",IF(COUNTIF($Q2:$Q2,"?*")>0,", ","")&"parcial","") | S2: =IF(AND(TRIM($K2)<>"",TRIM($K2)<>VALIDACIONES!$G$1),IF(COUNTIF($Q2:$R2,"?*")>0,", ","")&"parcial distinto a "&VALIDACIONES!$G$1,"") | T2: =IF(AND(OR($A2="Ítems agrupados por caso clínico o problema",$A2="Subítem de caso o problema",$A2="Emparejamiento Ampliado",$A2="Opción de Emparejamiento Ampliado"),TRIM($B2)=""),IF(COUNTIF($Q2:$S2,"?*")>0,", ","")&"grupo","") | U2: =IF(AND(OR($A2="Verdadero o Falso Simple",$A2="Respuesta A/B/Ambas/Ninguna",$A2="Verdadero o Falso Complejas",$A2="Selección de la mejor respuesta",$A2="Subítem de caso o problema",$A2="Opción de Emparejamiento Ampliado"),TRIM($I2)=""),IF(COUNTIF($Q2:$T2,"?*")>0,", ","")&"respuesta_correcta","") | V2: =IF(AND(OR($A2="Verdadero o Falso Simple",$A2="Respuesta A/B/Ambas/Ninguna",$A2="Verdadero o Falso Complejas",$A2="Selección de la mejor respuesta",$A2="Subítem de caso o problema",$A2="Opción de Emparejamiento Ampliado"),TRIM($J2)=""),IF(COUNTIF($Q2:$U2,"?*")>0,", ","")&"dificultad","") | W2: =IF(AND(OR($A2="Ítems agrupados por caso clínico o problema",$A2="Emparejamiento Ampliado"),TRIM($I2)<>""),IF(COUNTIF($Q2:$V2,"?*")>0,", ","")&"respuesta debe ir vacia","") | X2: =IF(AND(OR($A2="Ítems agrupados por caso clínico o problema",$A2="Emparejamiento Ampliado"),TRIM($J2)<>""),IF(COUNTIF($Q2:$W2,"?*")>0,", ","")&"dificultad debe ir vacia","") | Y2: =IF(AND($A2="Verdadero o Falso Simple",OR(COUNTIF($D2:$E2,"?*")<2,COUNTIF($F2:$H2,"?*")>0)),IF(COUNTIF($Q2:$X2,"?*")>0,", ","")&"incisos A-B","") | Z2: =IF(AND($A2="Verdadero o Falso Simple",TRIM($I2)<>"",NOT(OR(LEFT(TRIM($I2),1)="A",LEFT(TRIM($I2),1)="B"))),IF(COUNTIF($Q2:$Y2,"?*")>0,", ","")&"respuesta A-B","") | AA2: =IF(AND($A2="Respuesta A/B/Ambas/Ninguna",COUNTIF($D2:$G2,"?*")<4),IF(COUNTIF($Q2:$Z2,"?*")>0,", ","")&"opciones A-D","") | AB2: =IF(AND($A2="Respuesta A/B/Ambas/Ninguna",COUNTIF($H2:$H2,"?*")>0),IF(COUNTIF($Q2:$AA2,"?*")>0,", ","")&"opcion E deshabilitada","") | AC2: =IF(AND($A2="Respuesta A/B/Ambas/Ninguna",TRIM($I2)<>"",NOT(OR(LEFT(TRIM($I2),1)="A",LEFT(TRIM($I2),1)="B",LEFT(TRIM($I2),1)="C",LEFT(TRIM($I2),1)="D"))),IF(COUNTIF($Q2:$AB2,"?*")>0,", ","")&"respuesta A-D","") | AD2: =IF(AND($A2="Verdadero o Falso Complejas",OR(LEN(TRIM(SUBSTITUTE($D2,"1.","")))=0,LEN(TRIM(SUBSTITUTE($E2,"2.","")))=0,LEN(TRIM(SUBSTITUTE($F2,"3.","")))=0,LEN(TRIM(SUBSTITUTE($G2,"4.","")))=0)),IF(COUNTIF($Q2:$AC2,"?*")>0,", ","")&"incisos 1-4","") | AE2: =IF(AND($A2="Verdadero o Falso Complejas",COUNTIF($H2:$H2,"?*")>0),IF(COUNTIF($Q2:$AD2,"?*")>0,", ","")&"opcion E deshabilitada","") | AF2: =IF(AND($A2="Verdadero o Falso Complejas",TRIM($I2)<>"",NOT(OR(LEFT(TRIM($I2),1)="A",LEFT(TRIM($I2),1)="B",LEFT(TRIM($I2),1)="C",LEFT(TRIM($I2),1)="D",LEFT(TRIM($I2),1)="E"))),IF(COUNTIF($Q2:$AE2,"?*")>0,", ","")&"respuesta A-E","") | AG2: =IF(AND(OR($A2="Selección de la mejor respuesta",$A2="Subítem de caso o problema"),COUNTA($D2:$H2)<5),IF(COUNTIF($Q2:$AF2,"?*")>0,", ","")&"incisos A-E","") | AH2: =IF(AND(OR($A2="Selección de la mejor respuesta",$A2="Subítem de caso o problema"),TRIM($I2)<>"",NOT(OR(LEFT(TRIM($I2),1)="A",LEFT(TRIM($I2),1)="B",LEFT(TRIM($I2),1)="C",LEFT(TRIM($I2),1)="D",LEFT(TRIM($I2),1)="E"))),IF(COUNTIF($Q2:$AG2,"?*")>0,", ","")&"respuesta A-E","") | AI2: =IF(AND(OR($A2="Ítems agrupados por caso clínico o problema",$A2="Opción de Emparejamiento Ampliado"),COUNTIF($D2:$H2,"?*")>0),IF(COUNTIF($Q2:$AH2,"?*")>0,", ","")&"sin incisos","") | AJ2: =IF(AND($A2="Emparejamiento Ampliado",COUNTIF($D2:$H2,"?*")<2),IF(COUNTIF($Q2:$AI2,"?*")>0,", ","")&"minimo 2 claves","") | AK2: =IF(AND($A2="Opción de Emparejamiento Ampliado",NOT(OR(LEFT(TRIM($I2),1)="A",LEFT(TRIM($I2),1)="B",LEFT(TRIM($I2),1)="C",LEFT(TRIM($I2),1)="D",LEFT(TRIM($I2),1)="E"))),IF(COUNTIF($Q2:$AJ2,"?*")>0,", ","")&"respuesta A-E","") | AL2: =IF(TRIM($K2)="",IF(COUNTIF($M2:$M2,"?*")>0,", ","")&"parcial","") | AM2: =IF(AND(TRIM($K2)<>"",TRIM($K2)<>VALIDACIONES!$G$1),IF(COUNTIF($M2:$N2,"?*")>0,", ","")&"parcial distinto a "&VALIDACIONES!$G$1,"") | AN2: =IF(AND(OR($A2="Ítems agrupados por caso clínico o problema",$A2="Subítem de caso o problema",$A2="Emparejamiento Ampliado",$A2="Opción de Emparejamiento Ampliado"),TRIM($B2)=""),IF(COUNTIF($M2:$O2,"?*")>0,", ","")&"grupo","") | AO2: Fáciles (1) | AP2: =COUNTIF($J$2:$J$1001,1) | AQ2: Meta: 15
D3: =IF($A3="Verdadero o Falso Simple","Verdadero",IF($A3="Respuesta A/B/Ambas/Ninguna","A. Si la primera es verdadera",IF($A3="Verdadero o Falso Complejas","1. ",""))) | E3: =IF($A3="Verdadero o Falso Simple","Falso",IF($A3="Respuesta A/B/Ambas/Ninguna","B. Si la segunda es verdadera",IF($A3="Verdadero o Falso Complejas","2. ",""))) | F3: =IF($A3="Respuesta A/B/Ambas/Ninguna","C. Si ambas son verdaderas",IF($A3="Verdadero o Falso Complejas","3. ","")) | G3: =IF($A3="Respuesta A/B/Ambas/Ninguna","D. Si ninguna es verdadera",IF($A3="Verdadero o Falso Complejas","4. ","")) | H3: =IF($A3="Verdadero o Falso Simple","",IF($A3="Respuesta A/B/Ambas/Ninguna","",IF($A3="Verdadero o Falso Complejas","",""))) | J3: 1 | K3: 2P | L3: =IF(TRIM($A3)="","",IF(OR($A3="Selección de la mejor respuesta",$A3="SELECCION_MEJOR_RESPUESTA",$A3="Subítem de caso o problema",$A3="SUBITEM_CASO"),IF(TRIM($C3)="","Completar enunciado",IF(SUMPRODUCT(--(LEN(TRIM($D3:$H3&""))>0))<5,"Completar opciones A-E",IF(AND(TRIM($I3)<>"",OR(LEFT(TRIM($I3),1)="A",LEFT(TRIM($I3),1)="B",LEFT(TRIM($I3),1)="C",LEFT(TRIM($I3),1)="D",LEFT(TRIM($I3),1)="E")),"OK","Completar respuesta correcta A-E"))),IF(TRIM($A3)="","",IF(COUNTIF($Q3:$AJ3,"?*")=0,"OK","Falta revisar: "&$Q3&$R3&$S3&$T3&$U3&$V3&$W3&$X3&$Y3&$Z3&$AA3&$AB3&$AC3&$AD3&$AE3&$AF3&$AG3&$AH3&$AI3&$AJ3)))) | Q3: =IF(TRIM($C3)="","enunciado","") | R3: =IF(TRIM($K3)="",IF(COUNTIF($Q3:$Q3,"?*")>0,", ","")&"parcial","") | S3: =IF(AND(TRIM($K3)<>"",TRIM($K3)<>VALIDACIONES!$G$1),IF(COUNTIF($Q3:$R3,"?*")>0,", ","")&"parcial distinto a "&VALIDACIONES!$G$1,"") | T3: =IF(AND(OR($A3="Ítems agrupados por caso clínico o problema",$A3="Subítem de caso o problema",$A3="Emparejamiento Ampliado",$A3="Opción de Emparejamiento Ampliado"),TRIM($B3)=""),IF(COUNTIF($Q3:$S3,"?*")>0,", ","")&"grupo","") | U3: =IF(AND(OR($A3="Verdadero o Falso Simple",$A3="Respuesta A/B/Ambas/Ninguna",$A3="Verdadero o Falso Complejas",$A3="Selección de la mejor respuesta",$A3="Subítem de caso o problema",$A3="Opción de Emparejamiento Ampliado"),TRIM($I3)=""),IF(COUNTIF($Q3:$T3,"?*")>0,", ","")&"respuesta_correcta","") | V3: =IF(AND(OR($A3="Verdadero o Falso Simple",$A3="Respuesta A/B/Ambas/Ninguna",$A3="Verdadero o Falso Complejas",$A3="Selección de la mejor respuesta",$A3="Subítem de caso o problema",$A3="Opción de Emparejamiento Ampliado"),TRIM($J3)=""),IF(COUNTIF($Q3:$U3,"?*")>0,", ","")&"dificultad","") | W3: =IF(AND(OR($A3="Ítems agrupados por caso clínico o problema",$A3="Emparejamiento Ampliado"),TRIM($I3)<>""),IF(COUNTIF($Q3:$V3,"?*")>0,", ","")&"respuesta debe ir vacia","") | X3: =IF(AND(OR($A3="Ítems agrupados por caso clínico o problema",$A3="Emparejamiento Ampliado"),TRIM($J3)<>""),IF(COUNTIF($Q3:$W3,"?*")>0,", ","")&"dificultad debe ir vacia","") | Y3: =IF(AND($A3="Verdadero o Falso Simple",OR(COUNTIF($D3:$E3,"?*")<2,COUNTIF($F3:$H3,"?*")>0)),IF(COUNTIF($Q3:$X3,"?*")>0,", ","")&"incisos A-B","") | Z3: =IF(AND($A3="Verdadero o Falso Simple",TRIM($I3)<>"",NOT(OR(LEFT(TRIM($I3),1)="A",LEFT(TRIM($I3),1)="B"))),IF(COUNTIF($Q3:$Y3,"?*")>0,", ","")&"respuesta A-B","") | AA3: =IF(AND($A3="Respuesta A/B/Ambas/Ninguna",COUNTIF($D3:$G3,"?*")<4),IF(COUNTIF($Q3:$Z3,"?*")>0,", ","")&"opciones A-D","") | AB3: =IF(AND($A3="Respuesta A/B/Ambas/Ninguna",COUNTIF($H3:$H3,"?*")>0),IF(COUNTIF($Q3:$AA3,"?*")>0,", ","")&"opcion E deshabilitada","") | AC3: =IF(AND($A3="Respuesta A/B/Ambas/Ninguna",TRIM($I3)<>"",NOT(OR(LEFT(TRIM($I3),1)="A",LEFT(TRIM($I3),1)="B",LEFT(TRIM($I3),1)="C",LEFT(TRIM($I3),1)="D"))),IF(COUNTIF($Q3:$AB3,"?*")>0,", ","")&"respuesta A-D","") | AD3: =IF(AND($A3="Verdadero o Falso Complejas",OR(LEN(TRIM(SUBSTITUTE($D3,"1.","")))=0,LEN(TRIM(SUBSTITUTE($E3,"2.","")))=0,LEN(TRIM(SUBSTITUTE($F3,"3.","")))=0,LEN(TRIM(SUBSTITUTE($G3,"4.","")))=0)),IF(COUNTIF($Q3:$AC3,"?*")>0,", ","")&"incisos 1-4","") | AE3: =IF(AND($A3="Verdadero o Falso Complejas",COUNTIF($H3:$H3,"?*")>0),IF(COUNTIF($Q3:$AD3,"?*")>0,", ","")&"opcion E deshabilitada","") | AF3: =IF(AND($A3="Verdadero o Falso Complejas",TRIM($I3)<>"",NOT(OR(LEFT(TRIM($I3),1)="A",LEFT(TRIM($I3),1)="B",LEFT(TRIM($I3),1)="C",LEFT(TRIM($I3),1)="D",LEFT(TRIM($I3),1)="E"))),IF(COUNTIF($Q3:$AE3,"?*")>0,", ","")&"respuesta A-E","") | AG3: =IF(AND(OR($A3="Selección de la mejor respuesta",$A3="Subítem de caso o problema"),COUNTA($D3:$H3)<5),IF(COUNTIF($Q3:$AF3,"?*")>0,", ","")&"incisos A-E","") | AH3: =IF(AND(OR($A3="Selección de la mejor respuesta",$A3="Subítem de caso o problema"),TRIM($I3)<>"",NOT(OR(LEFT(TRIM($I3),1)="A",LEFT(TRIM($I3),1)="B",LEFT(TRIM($I3),1)="C",LEFT(TRIM($I3),1)="D",LEFT(TRIM($I3),1)="E"))),IF(COUNTIF($Q3:$AG3,"?*")>0,", ","")&"respuesta A-E","") | AI3: =IF(AND(OR($A3="Ítems agrupados por caso clínico o problema",$A3="Opción de Emparejamiento Ampliado"),COUNTIF($D3:$H3,"?*")>0),IF(COUNTIF($Q3:$AH3,"?*")>0,", ","")&"sin incisos","") | AJ3: =IF(AND($A3="Emparejamiento Ampliado",COUNTIF($D3:$H3,"?*")<2),IF(COUNTIF($Q3:$AI3,"?*")>0,", ","")&"minimo 2 claves","") | AK3: =IF(AND($A3="Opción de Emparejamiento Ampliado",NOT(OR(LEFT(TRIM($I3),1)="A",LEFT(TRIM($I3),1)="B",LEFT(TRIM($I3),1)="C",LEFT(TRIM($I3),1)="D",LEFT(TRIM($I3),1)="E"))),IF(COUNTIF($Q3:$AJ3,"?*")>0,", ","")&"respuesta A-E","") | AL3: =IF(TRIM($K3)="",IF(COUNTIF($M3:$M3,"?*")>0,", ","")&"parcial","") | AM3: =IF(AND(TRIM($K3)<>"",TRIM($K3)<>VALIDACIONES!$G$1),IF(COUNTIF($M3:$N3,"?*")>0,", ","")&"parcial distinto a "&VALIDACIONES!$G$1,"") | AN3: =IF(AND(OR($A3="Ítems agrupados por caso clínico o problema",$A3="Subítem de caso o problema",$A3="Emparejamiento Ampliado",$A3="Opción de Emparejamiento Ampliado"),TRIM($B3)=""),IF(COUNTIF($M3:$O3,"?*")>0,", ","")&"grupo","") | AO3: Medias (2) | AP3: =COUNTIF($J$2:$J$1001,2) | AQ3: Meta: 30
D4: =IF($A4="Verdadero o Falso Simple","Verdadero",IF($A4="Respuesta A/B/Ambas/Ninguna","A. Si la primera es verdadera",IF($A4="Verdadero o Falso Complejas","1. ",""))) | E4: =IF($A4="Verdadero o Falso Simple","Falso",IF($A4="Respuesta A/B/Ambas/Ninguna","B. Si la segunda es verdadera",IF($A4="Verdadero o Falso Complejas","2. ",""))) | F4: =IF($A4="Respuesta A/B/Ambas/Ninguna","C. Si ambas son verdaderas",IF($A4="Verdadero o Falso Complejas","3. ","")) | G4: =IF($A4="Respuesta A/B/Ambas/Ninguna","D. Si ninguna es verdadera",IF($A4="Verdadero o Falso Complejas","4. ","")) | H4: =IF($A4="Verdadero o Falso Simple","",IF($A4="Respuesta A/B/Ambas/Ninguna","",IF($A4="Verdadero o Falso Complejas","",""))) | J4: 1 | K4: 2P | L4: =IF(TRIM($A4)="","",IF(OR($A4="Selección de la mejor respuesta",$A4="SELECCION_MEJOR_RESPUESTA",$A4="Subítem de caso o problema",$A4="SUBITEM_CASO"),IF(TRIM($C4)="","Completar enunciado",IF(SUMPRODUCT(--(LEN(TRIM($D4:$H4&""))>0))<5,"Completar opciones A-E",IF(AND(TRIM($I4)<>"",OR(LEFT(TRIM($I4),1)="A",LEFT(TRIM($I4),1)="B",LEFT(TRIM($I4),1)="C",LEFT(TRIM($I4),1)="D",LEFT(TRIM($I4),1)="E")),"OK","Completar respuesta correcta A-E"))),IF(TRIM($A4)="","",IF(COUNTIF($Q4:$AJ4,"?*")=0,"OK","Falta revisar: "&$Q4&$R4&$S4&$T4&$U4&$V4&$W4&$X4&$Y4&$Z4&$AA4&$AB4&$AC4&$AD4&$AE4&$AF4&$AG4&$AH4&$AI4&$AJ4)))) | Q4: =IF(TRIM($C4)="","enunciado","") | R4: =IF(TRIM($K4)="",IF(COUNTIF($Q4:$Q4,"?*")>0,", ","")&"parcial","") | S4: =IF(AND(TRIM($K4)<>"",TRIM($K4)<>VALIDACIONES!$G$1),IF(COUNTIF($Q4:$R4,"?*")>0,", ","")&"parcial distinto a "&VALIDACIONES!$G$1,"") | T4: =IF(AND(OR($A4="Ítems agrupados por caso clínico o problema",$A4="Subítem de caso o problema",$A4="Emparejamiento Ampliado",$A4="Opción de Emparejamiento Ampliado"),TRIM($B4)=""),IF(COUNTIF($Q4:$S4,"?*")>0,", ","")&"grupo","") | U4: =IF(AND(OR($A4="Verdadero o Falso Simple",$A4="Respuesta A/B/Ambas/Ninguna",$A4="Verdadero o Falso Complejas",$A4="Selección de la mejor respuesta",$A4="Subítem de caso o problema",$A4="Opción de Emparejamiento Ampliado"),TRIM($I4)=""),IF(COUNTIF($Q4:$T4,"?*")>0,", ","")&"respuesta_correcta","") | V4: =IF(AND(OR($A4="Verdadero o Falso Simple",$A4="Respuesta A/B/Ambas/Ninguna",$A4="Verdadero o Falso Complejas",$A4="Selección de la mejor respuesta",$A4="Subítem de caso o problema",$A4="Opción de Emparejamiento Ampliado"),TRIM($J4)=""),IF(COUNTIF($Q4:$U4,"?*")>0,", ","")&"dificultad","") | W4: =IF(AND(OR($A4="Ítems agrupados por caso clínico o problema",$A4="Emparejamiento Ampliado"),TRIM($I4)<>""),IF(COUNTIF($Q4:$V4,"?*")>0,", ","")&"respuesta debe ir vacia","") | X4: =IF(AND(OR($A4="Ítems agrupados por caso clínico o problema",$A4="Emparejamiento Ampliado"),TRIM($J4)<>""),IF(COUNTIF($Q4:$W4,"?*")>0,", ","")&"dificultad debe ir vacia","") | Y4: =IF(AND($A4="Verdadero o Falso Simple",OR(COUNTIF($D4:$E4,"?*")<2,COUNTIF($F4:$H4,"?*")>0)),IF(COUNTIF($Q4:$X4,"?*")>0,", ","")&"incisos A-B","") | Z4: =IF(AND($A4="Verdadero o Falso Simple",TRIM($I4)<>"",NOT(OR(LEFT(TRIM($I4),1)="A",LEFT(TRIM($I4),1)="B"))),IF(COUNTIF($Q4:$Y4,"?*")>0,", ","")&"respuesta A-B","") | AA4: =IF(AND($A4="Respuesta A/B/Ambas/Ninguna",COUNTIF($D4:$G4,"?*")<4),IF(COUNTIF($Q4:$Z4,"?*")>0,", ","")&"opciones A-D","") | AB4: =IF(AND($A4="Respuesta A/B/Ambas/Ninguna",COUNTIF($H4:$H4,"?*")>0),IF(COUNTIF($Q4:$AA4,"?*")>0,", ","")&"opcion E deshabilitada","") | AC4: =IF(AND($A4="Respuesta A/B/Ambas/Ninguna",TRIM($I4)<>"",NOT(OR(LEFT(TRIM($I4),1)="A",LEFT(TRIM($I4),1)="B",LEFT(TRIM($I4),1)="C",LEFT(TRIM($I4),1)="D"))),IF(COUNTIF($Q4:$AB4,"?*")>0,", ","")&"respuesta A-D","") | AD4: =IF(AND($A4="Verdadero o Falso Complejas",OR(LEN(TRIM(SUBSTITUTE($D4,"1.","")))=0,LEN(TRIM(SUBSTITUTE($E4,"2.","")))=0,LEN(TRIM(SUBSTITUTE($F4,"3.","")))=0,LEN(TRIM(SUBSTITUTE($G4,"4.","")))=0)),IF(COUNTIF($Q4:$AC4,"?*")>0,", ","")&"incisos 1-4","") | AE4: =IF(AND($A4="Verdadero o Falso Complejas",COUNTIF($H4:$H4,"?*")>0),IF(COUNTIF($Q4:$AD4,"?*")>0,", ","")&"opcion E deshabilitada","") | AF4: =IF(AND($A4="Verdadero o Falso Complejas",TRIM($I4)<>"",NOT(OR(LEFT(TRIM($I4),1)="A",LEFT(TRIM($I4),1)="B",LEFT(TRIM($I4),1)="C",LEFT(TRIM($I4),1)="D",LEFT(TRIM($I4),1)="E"))),IF(COUNTIF($Q4:$AE4,"?*")>0,", ","")&"respuesta A-E","") | AG4: =IF(AND(OR($A4="Selección de la mejor respuesta",$A4="Subítem de caso o problema"),COUNTA($D4:$H4)<5),IF(COUNTIF($Q4:$AF4,"?*")>0,", ","")&"incisos A-E","") | AH4: =IF(AND(OR($A4="Selección de la mejor respuesta",$A4="Subítem de caso o problema"),TRIM($I4)<>"",NOT(OR(LEFT(TRIM($I4),1)="A",LEFT(TRIM($I4),1)="B",LEFT(TRIM($I4),1)="C",LEFT(TRIM($I4),1)="D",LEFT(TRIM($I4),1)="E"))),IF(COUNTIF($Q4:$AG4,"?*")>0,", ","")&"respuesta A-E","") | AI4: =IF(AND(OR($A4="Ítems agrupados por caso clínico o problema",$A4="Opción de Emparejamiento Ampliado"),COUNTIF($D4:$H4,"?*")>0),IF(COUNTIF($Q4:$AH4,"?*")>0,", ","")&"sin incisos","") | AJ4: =IF(AND($A4="Emparejamiento Ampliado",COUNTIF($D4:$H4,"?*")<2),IF(COUNTIF($Q4:$AI4,"?*")>0,", ","")&"minimo 2 claves","") | AK4: =IF(AND($A4="Opción de Emparejamiento Ampliado",NOT(OR(LEFT(TRIM($I4),1)="A",LEFT(TRIM($I4),1)="B",LEFT(TRIM($I4),1)="C",LEFT(TRIM($I4),1)="D",LEFT(TRIM($I4),1)="E"))),IF(COUNTIF($Q4:$AJ4,"?*")>0,", ","")&"respuesta A-E","") | AL4: =IF(TRIM($K4)="",IF(COUNTIF($M4:$M4,"?*")>0,", ","")&"parcial","") | AM4: =IF(AND(TRIM($K4)<>"",TRIM($K4)<>VALIDACIONES!$G$1),IF(COUNTIF($M4:$N4,"?*")>0,", ","")&"parcial distinto a "&VALIDACIONES!$G$1,"") | AN4: =IF(AND(OR($A4="Ítems agrupados por caso clínico o problema",$A4="Subítem de caso o problema",$A4="Emparejamiento Ampliado",$A4="Opción de Emparejamiento Ampliado"),TRIM($B4)=""),IF(COUNTIF($M4:$O4,"?*")>0,", ","")&"grupo","") | AO4: Difíciles (3) | AP4: =COUNTIF($J$2:$J$1001,3) | AQ4: Meta: 15
D5: =IF($A5="Verdadero o Falso Simple","Verdadero",IF($A5="Respuesta A/B/Ambas/Ninguna","A. Si la primera es verdadera",IF($A5="Verdadero o Falso Complejas","1. ",""))) | E5: =IF($A5="Verdadero o Falso Simple","Falso",IF($A5="Respuesta A/B/Ambas/Ninguna","B. Si la segunda es verdadera",IF($A5="Verdadero o Falso Complejas","2. ",""))) | F5: =IF($A5="Respuesta A/B/Ambas/Ninguna","C. Si ambas son verdaderas",IF($A5="Verdadero o Falso Complejas","3. ","")) | G5: =IF($A5="Respuesta A/B/Ambas/Ninguna","D. Si ninguna es verdadera",IF($A5="Verdadero o Falso Complejas","4. ","")) | H5: =IF($A5="Verdadero o Falso Simple","",IF($A5="Respuesta A/B/Ambas/Ninguna","",IF($A5="Verdadero o Falso Complejas","",""))) | J5: 1 | K5: 2P | L5: =IF(TRIM($A5)="","",IF(OR($A5="Selección de la mejor respuesta",$A5="SELECCION_MEJOR_RESPUESTA",$A5="Subítem de caso o problema",$A5="SUBITEM_CASO"),IF(TRIM($C5)="","Completar enunciado",IF(SUMPRODUCT(--(LEN(TRIM($D5:$H5&""))>0))<5,"Completar opciones A-E",IF(AND(TRIM($I5)<>"",OR(LEFT(TRIM($I5),1)="A",LEFT(TRIM($I5),1)="B",LEFT(TRIM($I5),1)="C",LEFT(TRIM($I5),1)="D",LEFT(TRIM($I5),1)="E")),"OK","Completar respuesta correcta A-E"))),IF(TRIM($A5)="","",IF(COUNTIF($Q5:$AJ5,"?*")=0,"OK","Falta revisar: "&$Q5&$R5&$S5&$T5&$U5&$V5&$W5&$X5&$Y5&$Z5&$AA5&$AB5&$AC5&$AD5&$AE5&$AF5&$AG5&$AH5&$AI5&$AJ5)))) | Q5: =IF(TRIM($C5)="","enunciado","") | R5: =IF(TRIM($K5)="",IF(COUNTIF($Q5:$Q5,"?*")>0,", ","")&"parcial","") | S5: =IF(AND(TRIM($K5)<>"",TRIM($K5)<>VALIDACIONES!$G$1),IF(COUNTIF($Q5:$R5,"?*")>0,", ","")&"parcial distinto a "&VALIDACIONES!$G$1,"") | T5: =IF(AND(OR($A5="Ítems agrupados por caso clínico o problema",$A5="Subítem de caso o problema",$A5="Emparejamiento Ampliado",$A5="Opción de Emparejamiento Ampliado"),TRIM($B5)=""),IF(COUNTIF($Q5:$S5,"?*")>0,", ","")&"grupo","") | U5: =IF(AND(OR($A5="Verdadero o Falso Simple",$A5="Respuesta A/B/Ambas/Ninguna",$A5="Verdadero o Falso Complejas",$A5="Selección de la mejor respuesta",$A5="Subítem de caso o problema",$A5="Opción de Emparejamiento Ampliado"),TRIM($I5)=""),IF(COUNTIF($Q5:$T5,"?*")>0,", ","")&"respuesta_correcta","") | V5: =IF(AND(OR($A5="Verdadero o Falso Simple",$A5="Respuesta A/B/Ambas/Ninguna",$A5="Verdadero o Falso Complejas",$A5="Selección de la mejor respuesta",$A5="Subítem de caso o problema",$A5="Opción de Emparejamiento Ampliado"),TRIM($J5)=""),IF(COUNTIF($Q5:$U5,"?*")>0,", ","")&"dificultad","") | W5: =IF(AND(OR($A5="Ítems agrupados por caso clínico o problema",$A5="Emparejamiento Ampliado"),TRIM($I5)<>""),IF(COUNTIF($Q5:$V5,"?*")>0,", ","")&"respuesta debe ir vacia","") | X5: =IF(AND(OR($A5="Ítems agrupados por caso clínico o problema",$A5="Emparejamiento Ampliado"),TRIM($J5)<>""),IF(COUNTIF($Q5:$W5,"?*")>0,", ","")&"dificultad debe ir vacia","") | Y5: =IF(AND($A5="Verdadero o Falso Simple",OR(COUNTIF($D5:$E5,"?*")<2,COUNTIF($F5:$H5,"?*")>0)),IF(COUNTIF($Q5:$X5,"?*")>0,", ","")&"incisos A-B","") | Z5: =IF(AND($A5="Verdadero o Falso Simple",TRIM($I5)<>"",NOT(OR(LEFT(TRIM($I5),1)="A",LEFT(TRIM($I5),1)="B"))),IF(COUNTIF($Q5:$Y5,"?*")>0,", ","")&"respuesta A-B","") | AA5: =IF(AND($A5="Respuesta A/B/Ambas/Ninguna",COUNTIF($D5:$G5,"?*")<4),IF(COUNTIF($Q5:$Z5,"?*")>0,", ","")&"opciones A-D","") | AB5: =IF(AND($A5="Respuesta A/B/Ambas/Ninguna",COUNTIF($H5:$H5,"?*")>0),IF(COUNTIF($Q5:$AA5,"?*")>0,", ","")&"opcion E deshabilitada","") | AC5: =IF(AND($A5="Respuesta A/B/Ambas/Ninguna",TRIM($I5)<>"",NOT(OR(LEFT(TRIM($I5),1)="A",LEFT(TRIM($I5),1)="B",LEFT(TRIM($I5),1)="C",LEFT(TRIM($I5),1)="D"))),IF(COUNTIF($Q5:$AB5,"?*")>0,", ","")&"respuesta A-D","") | AD5: =IF(AND($A5="Verdadero o Falso Complejas",OR(LEN(TRIM(SUBSTITUTE($D5,"1.","")))=0,LEN(TRIM(SUBSTITUTE($E5,"2.","")))=0,LEN(TRIM(SUBSTITUTE($F5,"3.","")))=0,LEN(TRIM(SUBSTITUTE($G5,"4.","")))=0)),IF(COUNTIF($Q5:$AC5,"?*")>0,", ","")&"incisos 1-4","") | AE5: =IF(AND($A5="Verdadero o Falso Complejas",COUNTIF($H5:$H5,"?*")>0),IF(COUNTIF($Q5:$AD5,"?*")>0,", ","")&"opcion E deshabilitada","") | AF5: =IF(AND($A5="Verdadero o Falso Complejas",TRIM($I5)<>"",NOT(OR(LEFT(TRIM($I5),1)="A",LEFT(TRIM($I5),1)="B",LEFT(TRIM($I5),1)="C",LEFT(TRIM($I5),1)="D",LEFT(TRIM($I5),1)="E"))),IF(COUNTIF($Q5:$AE5,"?*")>0,", ","")&"respuesta A-E","") | AG5: =IF(AND(OR($A5="Selección de la mejor respuesta",$A5="Subítem de caso o problema"),COUNTA($D5:$H5)<5),IF(COUNTIF($Q5:$AF5,"?*")>0,", ","")&"incisos A-E","") | AH5: =IF(AND(OR($A5="Selección de la mejor respuesta",$A5="Subítem de caso o problema"),TRIM($I5)<>"",NOT(OR(LEFT(TRIM($I5),1)="A",LEFT(TRIM($I5),1)="B",LEFT(TRIM($I5),1)="C",LEFT(TRIM($I5),1)="D",LEFT(TRIM($I5),1)="E"))),IF(COUNTIF($Q5:$AG5,"?*")>0,", ","")&"respuesta A-E","") | AI5: =IF(AND(OR($A5="Ítems agrupados por caso clínico o problema",$A5="Opción de Emparejamiento Ampliado"),COUNTIF($D5:$H5,"?*")>0),IF(COUNTIF($Q5:$AH5,"?*")>0,", ","")&"sin incisos","") | AJ5: =IF(AND($A5="Emparejamiento Ampliado",COUNTIF($D5:$H5,"?*")<2),IF(COUNTIF($Q5:$AI5,"?*")>0,", ","")&"minimo 2 claves","") | AK5: =IF(AND($A5="Opción de Emparejamiento Ampliado",NOT(OR(LEFT(TRIM($I5),1)="A",LEFT(TRIM($I5),1)="B",LEFT(TRIM($I5),1)="C",LEFT(TRIM($I5),1)="D",LEFT(TRIM($I5),1)="E"))),IF(COUNTIF($Q5:$AJ5,"?*")>0,", ","")&"respuesta A-E","") | AL5: =IF(TRIM($K5)="",IF(COUNTIF($M5:$M5,"?*")>0,", ","")&"parcial","") | AM5: =IF(AND(TRIM($K5)<>"",TRIM($K5)<>VALIDACIONES!$G$1),IF(COUNTIF($M5:$N5,"?*")>0,", ","")&"parcial distinto a "&VALIDACIONES!$G$1,"") | AN5: =IF(AND(OR($A5="Ítems agrupados por caso clínico o problema",$A5="Subítem de caso o problema",$A5="Emparejamiento Ampliado",$A5="Opción de Emparejamiento Ampliado"),TRIM($B5)=""),IF(COUNTIF($M5:$O5,"?*")>0,", ","")&"grupo","") | AO5: Total Dificultad | AP5: =SUM(AP2:AP4) | AQ5: Meta: 60
D6: =IF($A6="Verdadero o Falso Simple","Verdadero",IF($A6="Respuesta A/B/Ambas/Ninguna","A. Si la primera es verdadera",IF($A6="Verdadero o Falso Complejas","1. ",""))) | E6: =IF($A6="Verdadero o Falso Simple","Falso",IF($A6="Respuesta A/B/Ambas/Ninguna","B. Si la segunda es verdadera",IF($A6="Verdadero o Falso Complejas","2. ",""))) | F6: =IF($A6="Respuesta A/B/Ambas/Ninguna","C. Si ambas son verdaderas",IF($A6="Verdadero o Falso Complejas","3. ","")) | G6: =IF($A6="Respuesta A/B/Ambas/Ninguna","D. Si ninguna es verdadera",IF($A6="Verdadero o Falso Complejas","4. ","")) | H6: =IF($A6="Verdadero o Falso Simple","",IF($A6="Respuesta A/B/Ambas/Ninguna","",IF($A6="Verdadero o Falso Complejas","",""))) | J6: 1 | K6: 2P | L6: =IF(TRIM($A6)="","",IF(OR($A6="Selección de la mejor respuesta",$A6="SELECCION_MEJOR_RESPUESTA",$A6="Subítem de caso o problema",$A6="SUBITEM_CASO"),IF(TRIM($C6)="","Completar enunciado",IF(SUMPRODUCT(--(LEN(TRIM($D6:$H6&""))>0))<5,"Completar opciones A-E",IF(AND(TRIM($I6)<>"",OR(LEFT(TRIM($I6),1)="A",LEFT(TRIM($I6),1)="B",LEFT(TRIM($I6),1)="C",LEFT(TRIM($I6),1)="D",LEFT(TRIM($I6),1)="E")),"OK","Completar respuesta correcta A-E"))),IF(TRIM($A6)="","",IF(COUNTIF($Q6:$AJ6,"?*")=0,"OK","Falta revisar: "&$Q6&$R6&$S6&$T6&$U6&$V6&$W6&$X6&$Y6&$Z6&$AA6&$AB6&$AC6&$AD6&$AE6&$AF6&$AG6&$AH6&$AI6&$AJ6)))) | Q6: =IF(TRIM($C6)="","enunciado","") | R6: =IF(TRIM($K6)="",IF(COUNTIF($Q6:$Q6,"?*")>0,", ","")&"parcial","") | S6: =IF(AND(TRIM($K6)<>"",TRIM($K6)<>VALIDACIONES!$G$1),IF(COUNTIF($Q6:$R6,"?*")>0,", ","")&"parcial distinto a "&VALIDACIONES!$G$1,"") | T6: =IF(AND(OR($A6="Ítems agrupados por caso clínico o problema",$A6="Subítem de caso o problema",$A6="Emparejamiento Ampliado",$A6="Opción de Emparejamiento Ampliado"),TRIM($B6)=""),IF(COUNTIF($Q6:$S6,"?*")>0,", ","")&"grupo","") | U6: =IF(AND(OR($A6="Verdadero o Falso Simple",$A6="Respuesta A/B/Ambas/Ninguna",$A6="Verdadero o Falso Complejas",$A6="Selección de la mejor respuesta",$A6="Subítem de caso o problema",$A6="Opción de Emparejamiento Ampliado"),TRIM($I6)=""),IF(COUNTIF($Q6:$T6,"?*")>0,", ","")&"respuesta_correcta","") | V6: =IF(AND(OR($A6="Verdadero o Falso Simple",$A6="Respuesta A/B/Ambas/Ninguna",$A6="Verdadero o Falso Complejas",$A6="Selección de la mejor respuesta",$A6="Subítem de caso o problema",$A6="Opción de Emparejamiento Ampliado"),TRIM($J6)=""),IF(COUNTIF($Q6:$U6,"?*")>0,", ","")&"dificultad","") | W6: =IF(AND(OR($A6="Ítems agrupados por caso clínico o problema",$A6="Emparejamiento Ampliado"),TRIM($I6)<>""),IF(COUNTIF($Q6:$V6,"?*")>0,", ","")&"respuesta debe ir vacia","") | X6: =IF(AND(OR($A6="Ítems agrupados por caso clínico o problema",$A6="Emparejamiento Ampliado"),TRIM($J6)<>""),IF(COUNTIF($Q6:$W6,"?*")>0,", ","")&"dificultad debe ir vacia","") | Y6: =IF(AND($A6="Verdadero o Falso Simple",OR(COUNTIF($D6:$E6,"?*")<2,COUNTIF($F6:$H6,"?*")>0)),IF(COUNTIF($Q6:$X6,"?*")>0,", ","")&"incisos A-B","") | Z6: =IF(AND($A6="Verdadero o Falso Simple",TRIM($I6)<>"",NOT(OR(LEFT(TRIM($I6),1)="A",LEFT(TRIM($I6),1)="B"))),IF(COUNTIF($Q6:$Y6,"?*")>0,", ","")&"respuesta A-B","") | AA6: =IF(AND($A6="Respuesta A/B/Ambas/Ninguna",COUNTIF($D6:$G6,"?*")<4),IF(COUNTIF($Q6:$Z6,"?*")>0,", ","")&"opciones A-D","") | AB6: =IF(AND($A6="Respuesta A/B/Ambas/Ninguna",COUNTIF($H6:$H6,"?*")>0),IF(COUNTIF($Q6:$AA6,"?*")>0,", ","")&"opcion E deshabilitada","") | AC6: =IF(AND($A6="Respuesta A/B/Ambas/Ninguna",TRIM($I6)<>"",NOT(OR(LEFT(TRIM($I6),1)="A",LEFT(TRIM($I6),1)="B",LEFT(TRIM($I6),1)="C",LEFT(TRIM($I6),1)="D"))),IF(COUNTIF($Q6:$AB6,"?*")>0,", ","")&"respuesta A-D","") | AD6: =IF(AND($A6="Verdadero o Falso Complejas",OR(LEN(TRIM(SUBSTITUTE($D6,"1.","")))=0,LEN(TRIM(SUBSTITUTE($E6,"2.","")))=0,LEN(TRIM(SUBSTITUTE($F6,"3.","")))=0,LEN(TRIM(SUBSTITUTE($G6,"4.","")))=0)),IF(COUNTIF($Q6:$AC6,"?*")>0,", ","")&"incisos 1-4","") | AE6: =IF(AND($A6="Verdadero o Falso Complejas",COUNTIF($H6:$H6,"?*")>0),IF(COUNTIF($Q6:$AD6,"?*")>0,", ","")&"opcion E deshabilitada","") | AF6: =IF(AND($A6="Verdadero o Falso Complejas",TRIM($I6)<>"",NOT(OR(LEFT(TRIM($I6),1)="A",LEFT(TRIM($I6),1)="B",LEFT(TRIM($I6),1)="C",LEFT(TRIM($I6),1)="D",LEFT(TRIM($I6),1)="E"))),IF(COUNTIF($Q6:$AE6,"?*")>0,", ","")&"respuesta A-E","") | AG6: =IF(AND(OR($A6="Selección de la mejor respuesta",$A6="Subítem de caso o problema"),COUNTA($D6:$H6)<5),IF(COUNTIF($Q6:$AF6,"?*")>0,", ","")&"incisos A-E","") | AH6: =IF(AND(OR($A6="Selección de la mejor respuesta",$A6="Subítem de caso o problema"),TRIM($I6)<>"",NOT(OR(LEFT(TRIM($I6),1)="A",LEFT(TRIM($I6),1)="B",LEFT(TRIM($I6),1)="C",LEFT(TRIM($I6),1)="D",LEFT(TRIM($I6),1)="E"))),IF(COUNTIF($Q6:$AG6,"?*")>0,", ","")&"respuesta A-E","") | AI6: =IF(AND(OR($A6="Ítems agrupados por caso clínico o problema",$A6="Opción de Emparejamiento Ampliado"),COUNTIF($D6:$H6,"?*")>0),IF(COUNTIF($Q6:$AH6,"?*")>0,", ","")&"sin incisos","") | AJ6: =IF(AND($A6="Emparejamiento Ampliado",COUNTIF($D6:$H6,"?*")<2),IF(COUNTIF($Q6:$AI6,"?*")>0,", ","")&"minimo 2 claves","") | AK6: =IF(AND($A6="Opción de Emparejamiento Ampliado",NOT(OR(LEFT(TRIM($I6),1)="A",LEFT(TRIM($I6),1)="B",LEFT(TRIM($I6),1)="C",LEFT(TRIM($I6),1)="D",LEFT(TRIM($I6),1)="E"))),IF(COUNTIF($Q6:$AJ6,"?*")>0,", ","")&"respuesta A-E","") | AL6: =IF(TRIM($K6)="",IF(COUNTIF($M6:$M6,"?*")>0,", ","")&"parcial","") | AM6: =IF(AND(TRIM($K6)<>"",TRIM($K6)<>VALIDACIONES!$G$1),IF(COUNTIF($M6:$N6,"?*")>0,", ","")&"parcial distinto a "&VALIDACIONES!$G$1,"") | AN6: =IF(AND(OR($A6="Ítems agrupados por caso clínico o problema",$A6="Subítem de caso o problema",$A6="Emparejamiento Ampliado",$A6="Opción de Emparejamiento Ampliado"),TRIM($B6)=""),IF(COUNTIF($M6:$O6,"?*")>0,", ","")&"grupo","") | AO6: Estado Dificultad | AP6: =IF(AND(AP2>=15,AP3>=30,AP4>=15,AP5>=60),"COMPLETA","REVISAR")
D7: =IF($A7="Verdadero o Falso Simple","Verdadero",IF($A7="Respuesta A/B/Ambas/Ninguna","A. Si la primera es verdadera",IF($A7="Verdadero o Falso Complejas","1. ",""))) | E7: =IF($A7="Verdadero o Falso Simple","Falso",IF($A7="Respuesta A/B/Ambas/Ninguna","B. Si la segunda es verdadera",IF($A7="Verdadero o Falso Complejas","2. ",""))) | F7: =IF($A7="Respuesta A/B/Ambas/Ninguna","C. Si ambas son verdaderas",IF($A7="Verdadero o Falso Complejas","3. ","")) | G7: =IF($A7="Respuesta A/B/Ambas/Ninguna","D. Si ninguna es verdadera",IF($A7="Verdadero o Falso Complejas","4. ","")) | H7: =IF($A7="Verdadero o Falso Simple","",IF($A7="Respuesta A/B/Ambas/Ninguna","",IF($A7="Verdadero o Falso Complejas","",""))) | J7: 1 | K7: 2P | L7: =IF(TRIM($A7)="","",IF(OR($A7="Selección de la mejor respuesta",$A7="SELECCION_MEJOR_RESPUESTA",$A7="Subítem de caso o problema",$A7="SUBITEM_CASO"),IF(TRIM($C7)="","Completar enunciado",IF(SUMPRODUCT(--(LEN(TRIM($D7:$H7&""))>0))<5,"Completar opciones A-E",IF(AND(TRIM($I7)<>"",OR(LEFT(TRIM($I7),1)="A",LEFT(TRIM($I7),1)="B",LEFT(TRIM($I7),1)="C",LEFT(TRIM($I7),1)="D",LEFT(TRIM($I7),1)="E")),"OK","Completar respuesta correcta A-E"))),IF(TRIM($A7)="","",IF(COUNTIF($Q7:$AJ7,"?*")=0,"OK","Falta revisar: "&$Q7&$R7&$S7&$T7&$U7&$V7&$W7&$X7&$Y7&$Z7&$AA7&$AB7&$AC7&$AD7&$AE7&$AF7&$AG7&$AH7&$AI7&$AJ7)))) | Q7: =IF(TRIM($C7)="","enunciado","") | R7: =IF(TRIM($K7)="",IF(COUNTIF($Q7:$Q7,"?*")>0,", ","")&"parcial","") | S7: =IF(AND(TRIM($K7)<>"",TRIM($K7)<>VALIDACIONES!$G$1),IF(COUNTIF($Q7:$R7,"?*")>0,", ","")&"parcial distinto a "&VALIDACIONES!$G$1,"") | T7: =IF(AND(OR($A7="Ítems agrupados por caso clínico o problema",$A7="Subítem de caso o problema",$A7="Emparejamiento Ampliado",$A7="Opción de Emparejamiento Ampliado"),TRIM($B7)=""),IF(COUNTIF($Q7:$S7,"?*")>0,", ","")&"grupo","") | U7: =IF(AND(OR($A7="Verdadero o Falso Simple",$A7="Respuesta A/B/Ambas/Ninguna",$A7="Verdadero o Falso Complejas",$A7="Selección de la mejor respuesta",$A7="Subítem de caso o problema",$A7="Opción de Emparejamiento Ampliado"),TRIM($I7)=""),IF(COUNTIF($Q7:$T7,"?*")>0,", ","")&"respuesta_correcta","") | V7: =IF(AND(OR($A7="Verdadero o Falso Simple",$A7="Respuesta A/B/Ambas/Ninguna",$A7="Verdadero o Falso Complejas",$A7="Selección de la mejor respuesta",$A7="Subítem de caso o problema",$A7="Opción de Emparejamiento Ampliado"),TRIM($J7)=""),IF(COUNTIF($Q7:$U7,"?*")>0,", ","")&"dificultad","") | W7: =IF(AND(OR($A7="Ítems agrupados por caso clínico o problema",$A7="Emparejamiento Ampliado"),TRIM($I7)<>""),IF(COUNTIF($Q7:$V7,"?*")>0,", ","")&"respuesta debe ir vacia","") | X7: =IF(AND(OR($A7="Ítems agrupados por caso clínico o problema",$A7="Emparejamiento Ampliado"),TRIM($J7)<>""),IF(COUNTIF($Q7:$W7,"?*")>0,", ","")&"dificultad debe ir vacia","") | Y7: =IF(AND($A7="Verdadero o Falso Simple",OR(COUNTIF($D7:$E7,"?*")<2,COUNTIF($F7:$H7,"?*")>0)),IF(COUNTIF($Q7:$X7,"?*")>0,", ","")&"incisos A-B","") | Z7: =IF(AND($A7="Verdadero o Falso Simple",TRIM($I7)<>"",NOT(OR(LEFT(TRIM($I7),1)="A",LEFT(TRIM($I7),1)="B"))),IF(COUNTIF($Q7:$Y7,"?*")>0,", ","")&"respuesta A-B","") | AA7: =IF(AND($A7="Respuesta A/B/Ambas/Ninguna",COUNTIF($D7:$G7,"?*")<4),IF(COUNTIF($Q7:$Z7,"?*")>0,", ","")&"opciones A-D","") | AB7: =IF(AND($A7="Respuesta A/B/Ambas/Ninguna",COUNTIF($H7:$H7,"?*")>0),IF(COUNTIF($Q7:$AA7,"?*")>0,", ","")&"opcion E deshabilitada","") | AC7: =IF(AND($A7="Respuesta A/B/Ambas/Ninguna",TRIM($I7)<>"",NOT(OR(LEFT(TRIM($I7),1)="A",LEFT(TRIM($I7),1)="B",LEFT(TRIM($I7),1)="C",LEFT(TRIM($I7),1)="D"))),IF(COUNTIF($Q7:$AB7,"?*")>0,", ","")&"respuesta A-D","") | AD7: =IF(AND($A7="Verdadero o Falso Complejas",OR(LEN(TRIM(SUBSTITUTE($D7,"1.","")))=0,LEN(TRIM(SUBSTITUTE($E7,"2.","")))=0,LEN(TRIM(SUBSTITUTE($F7,"3.","")))=0,LEN(TRIM(SUBSTITUTE($G7,"4.","")))=0)),IF(COUNTIF($Q7:$AC7,"?*")>0,", ","")&"incisos 1-4","") | AE7: =IF(AND($A7="Verdadero o Falso Complejas",COUNTIF($H7:$H7,"?*")>0),IF(COUNTIF($Q7:$AD7,"?*")>0,", ","")&"opcion E deshabilitada","") | AF7: =IF(AND($A7="Verdadero o Falso Complejas",TRIM($I7)<>"",NOT(OR(LEFT(TRIM($I7),1)="A",LEFT(TRIM($I7),1)="B",LEFT(TRIM($I7),1)="C",LEFT(TRIM($I7),1)="D",LEFT(TRIM($I7),1)="E"))),IF(COUNTIF($Q7:$AE7,"?*")>0,", ","")&"respuesta A-E","") | AG7: =IF(AND(OR($A7="Selección de la mejor respuesta",$A7="Subítem de caso o problema"),COUNTA($D7:$H7)<5),IF(COUNTIF($Q7:$AF7,"?*")>0,", ","")&"incisos A-E","") | AH7: =IF(AND(OR($A7="Selección de la mejor respuesta",$A7="Subítem de caso o problema"),TRIM($I7)<>"",NOT(OR(LEFT(TRIM($I7),1)="A",LEFT(TRIM($I7),1)="B",LEFT(TRIM($I7),1)="C",LEFT(TRIM($I7),1)="D",LEFT(TRIM($I7),1)="E"))),IF(COUNTIF($Q7:$AG7,"?*")>0,", ","")&"respuesta A-E","") | AI7: =IF(AND(OR($A7="Ítems agrupados por caso clínico o problema",$A7="Opción de Emparejamiento Ampliado"),COUNTIF($D7:$H7,"?*")>0),IF(COUNTIF($Q7:$AH7,"?*")>0,", ","")&"sin incisos","") | AJ7: =IF(AND($A7="Emparejamiento Ampliado",COUNTIF($D7:$H7,"?*")<2),IF(COUNTIF($Q7:$AI7,"?*")>0,", ","")&"minimo 2 claves","") | AK7: =IF(AND($A7="Opción de Emparejamiento Ampliado",NOT(OR(LEFT(TRIM($I7),1)="A",LEFT(TRIM($I7),1)="B",LEFT(TRIM($I7),1)="C",LEFT(TRIM($I7),1)="D",LEFT(TRIM($I7),1)="E"))),IF(COUNTIF($Q7:$AJ7,"?*")>0,", ","")&"respuesta A-E","") | AL7: =IF(TRIM($K7)="",IF(COUNTIF($M7:$M7,"?*")>0,", ","")&"parcial","") | AM7: =IF(AND(TRIM($K7)<>"",TRIM($K7)<>VALIDACIONES!$G$1),IF(COUNTIF($M7:$N7,"?*")>0,", ","")&"parcial distinto a "&VALIDACIONES!$G$1,"") | AN7: =IF(AND(OR($A7="Ítems agrupados por caso clínico o problema",$A7="Subítem de caso o problema",$A7="Emparejamiento Ampliado",$A7="Opción de Emparejamiento Ampliado"),TRIM($B7)=""),IF(COUNTIF($M7:$O7,"?*")>0,", ","")&"grupo","")
D8: =IF($A8="Verdadero o Falso Simple","Verdadero",IF($A8="Respuesta A/B/Ambas/Ninguna","A. Si la primera es verdadera",IF($A8="Verdadero o Falso Complejas","1. ",""))) | E8: =IF($A8="Verdadero o Falso Simple","Falso",IF($A8="Respuesta A/B/Ambas/Ninguna","B. Si la segunda es verdadera",IF($A8="Verdadero o Falso Complejas","2. ",""))) | F8: =IF($A8="Respuesta A/B/Ambas/Ninguna","C. Si ambas son verdaderas",IF($A8="Verdadero o Falso Complejas","3. ","")) | G8: =IF($A8="Respuesta A/B/Ambas/Ninguna","D. Si ninguna es verdadera",IF($A8="Verdadero o Falso Complejas","4. ","")) | H8: =IF($A8="Verdadero o Falso Simple","",IF($A8="Respuesta A/B/Ambas/Ninguna","",IF($A8="Verdadero o Falso Complejas","",""))) | J8: 1 | K8: 2P | L8: =IF(TRIM($A8)="","",IF(OR($A8="Selección de la mejor respuesta",$A8="SELECCION_MEJOR_RESPUESTA",$A8="Subítem de caso o problema",$A8="SUBITEM_CASO"),IF(TRIM($C8)="","Completar enunciado",IF(SUMPRODUCT(--(LEN(TRIM($D8:$H8&""))>0))<5,"Completar opciones A-E",IF(AND(TRIM($I8)<>"",OR(LEFT(TRIM($I8),1)="A",LEFT(TRIM($I8),1)="B",LEFT(TRIM($I8),1)="C",LEFT(TRIM($I8),1)="D",LEFT(TRIM($I8),1)="E")),"OK","Completar respuesta correcta A-E"))),IF(TRIM($A8)="","",IF(COUNTIF($Q8:$AJ8,"?*")=0,"OK","Falta revisar: "&$Q8&$R8&$S8&$T8&$U8&$V8&$W8&$X8&$Y8&$Z8&$AA8&$AB8&$AC8&$AD8&$AE8&$AF8&$AG8&$AH8&$AI8&$AJ8)))) | Q8: =IF(TRIM($C8)="","enunciado","") | R8: =IF(TRIM($K8)="",IF(COUNTIF($Q8:$Q8,"?*")>0,", ","")&"parcial","") | S8: =IF(AND(TRIM($K8)<>"",TRIM($K8)<>VALIDACIONES!$G$1),IF(COUNTIF($Q8:$R8,"?*")>0,", ","")&"parcial distinto a "&VALIDACIONES!$G$1,"") | T8: =IF(AND(OR($A8="Ítems agrupados por caso clínico o problema",$A8="Subítem de caso o problema",$A8="Emparejamiento Ampliado",$A8="Opción de Emparejamiento Ampliado"),TRIM($B8)=""),IF(COUNTIF($Q8:$S8,"?*")>0,", ","")&"grupo","") | U8: =IF(AND(OR($A8="Verdadero o Falso Simple",$A8="Respuesta A/B/Ambas/Ninguna",$A8="Verdadero o Falso Complejas",$A8="Selección de la mejor respuesta",$A8="Subítem de caso o problema",$A8="Opción de Emparejamiento Ampliado"),TRIM($I8)=""),IF(COUNTIF($Q8:$T8,"?*")>0,", ","")&"respuesta_correcta","") | V8: =IF(AND(OR($A8="Verdadero o Falso Simple",$A8="Respuesta A/B/Ambas/Ninguna",$A8="Verdadero o Falso Complejas",$A8="Selección de la mejor respuesta",$A8="Subítem de caso o problema",$A8="Opción de Emparejamiento Ampliado"),TRIM($J8)=""),IF(COUNTIF($Q8:$U8,"?*")>0,", ","")&"dificultad","") | W8: =IF(AND(OR($A8="Ítems agrupados por caso clínico o problema",$A8="Emparejamiento Ampliado"),TRIM($I8)<>""),IF(COUNTIF($Q8:$V8,"?*")>0,", ","")&"respuesta debe ir vacia","") | X8: =IF(AND(OR($A8="Ítems agrupados por caso clínico o problema",$A8="Emparejamiento Ampliado"),TRIM($J8)<>""),IF(COUNTIF($Q8:$W8,"?*")>0,", ","")&"dificultad debe ir vacia","") | Y8: =IF(AND($A8="Verdadero o Falso Simple",OR(COUNTIF($D8:$E8,"?*")<2,COUNTIF($F8:$H8,"?*")>0)),IF(COUNTIF($Q8:$X8,"?*")>0,", ","")&"incisos A-B","") | Z8: =IF(AND($A8="Verdadero o Falso Simple",TRIM($I8)<>"",NOT(OR(LEFT(TRIM($I8),1)="A",LEFT(TRIM($I8),1)="B"))),IF(COUNTIF($Q8:$Y8,"?*")>0,", ","")&"respuesta A-B","") | AA8: =IF(AND($A8="Respuesta A/B/Ambas/Ninguna",COUNTIF($D8:$G8,"?*")<4),IF(COUNTIF($Q8:$Z8,"?*")>0,", ","")&"opciones A-D","") | AB8: =IF(AND($A8="Respuesta A/B/Ambas/Ninguna",COUNTIF($H8:$H8,"?*")>0),IF(COUNTIF($Q8:$AA8,"?*")>0,", ","")&"opcion E deshabilitada","") | AC8: =IF(AND($A8="Respuesta A/B/Ambas/Ninguna",TRIM($I8)<>"",NOT(OR(LEFT(TRIM($I8),1)="A",LEFT(TRIM($I8),1)="B",LEFT(TRIM($I8),1)="C",LEFT(TRIM($I8),1)="D"))),IF(COUNTIF($Q8:$AB8,"?*")>0,", ","")&"respuesta A-D","") | AD8: =IF(AND($A8="Verdadero o Falso Complejas",OR(LEN(TRIM(SUBSTITUTE($D8,"1.","")))=0,LEN(TRIM(SUBSTITUTE($E8,"2.","")))=0,LEN(TRIM(SUBSTITUTE($F8,"3.","")))=0,LEN(TRIM(SUBSTITUTE($G8,"4.","")))=0)),IF(COUNTIF($Q8:$AC8,"?*")>0,", ","")&"incisos 1-4","") | AE8: =IF(AND($A8="Verdadero o Falso Complejas",COUNTIF($H8:$H8,"?*")>0),IF(COUNTIF($Q8:$AD8,"?*")>0,", ","")&"opcion E deshabilitada","") | AF8: =IF(AND($A8="Verdadero o Falso Complejas",TRIM($I8)<>"",NOT(OR(LEFT(TRIM($I8),1)="A",LEFT(TRIM($I8),1)="B",LEFT(TRIM($I8),1)="C",LEFT(TRIM($I8),1)="D",LEFT(TRIM($I8),1)="E"))),IF(COUNTIF($Q8:$AE8,"?*")>0,", ","")&"respuesta A-E","") | AG8: =IF(AND(OR($A8="Selección de la mejor respuesta",$A8="Subítem de caso o problema"),COUNTA($D8:$H8)<5),IF(COUNTIF($Q8:$AF8,"?*")>0,", ","")&"incisos A-E","") | AH8: =IF(AND(OR($A8="Selección de la mejor respuesta",$A8="Subítem de caso o problema"),TRIM($I8)<>"",NOT(OR(LEFT(TRIM($I8),1)="A",LEFT(TRIM($I8),1)="B",LEFT(TRIM($I8),1)="C",LEFT(TRIM($I8),1)="D",LEFT(TRIM($I8),1)="E"))),IF(COUNTIF($Q8:$AG8,"?*")>0,", ","")&"respuesta A-E","") | AI8: =IF(AND(OR($A8="Ítems agrupados por caso clínico o problema",$A8="Opción de Emparejamiento Ampliado"),COUNTIF($D8:$H8,"?*")>0),IF(COUNTIF($Q8:$AH8,"?*")>0,", ","")&"sin incisos","") | AJ8: =IF(AND($A8="Emparejamiento Ampliado",COUNTIF($D8:$H8,"?*")<2),IF(COUNTIF($Q8:$AI8,"?*")>0,", ","")&"minimo 2 claves","") | AK8: =IF(AND($A8="Opción de Emparejamiento Ampliado",NOT(OR(LEFT(TRIM($I8),1)="A",LEFT(TRIM($I8),1)="B",LEFT(TRIM($I8),1)="C",LEFT(TRIM($I8),1)="D",LEFT(TRIM($I8),1)="E"))),IF(COUNTIF($Q8:$AJ8,"?*")>0,", ","")&"respuesta A-E","") | AL8: =IF(TRIM($K8)="",IF(COUNTIF($M8:$M8,"?*")>0,", ","")&"parcial","") | AM8: =IF(AND(TRIM($K8)<>"",TRIM($K8)<>VALIDACIONES!$G$1),IF(COUNTIF($M8:$N8,"?*")>0,", ","")&"parcial distinto a "&VALIDACIONES!$G$1,"") | AN8: =IF(AND(OR($A8="Ítems agrupados por caso clínico o problema",$A8="Subítem de caso o problema",$A8="Emparejamiento Ampliado",$A8="Opción de Emparejamiento Ampliado"),TRIM($B8)=""),IF(COUNTIF($M8:$O8,"?*")>0,", ","")&"grupo","") | AO8: CUOTAS POR GRUPO TIPOLÓGICO
D9: =IF($A9="Verdadero o Falso Simple","Verdadero",IF($A9="Respuesta A/B/Ambas/Ninguna","A. Si la primera es verdadera",IF($A9="Verdadero o Falso Complejas","1. ",""))) | E9: =IF($A9="Verdadero o Falso Simple","Falso",IF($A9="Respuesta A/B/Ambas/Ninguna","B. Si la segunda es verdadera",IF($A9="Verdadero o Falso Complejas","2. ",""))) | F9: =IF($A9="Respuesta A/B/Ambas/Ninguna","C. Si ambas son verdaderas",IF($A9="Verdadero o Falso Complejas","3. ","")) | G9: =IF($A9="Respuesta A/B/Ambas/Ninguna","D. Si ninguna es verdadera",IF($A9="Verdadero o Falso Complejas","4. ","")) | H9: =IF($A9="Verdadero o Falso Simple","",IF($A9="Respuesta A/B/Ambas/Ninguna","",IF($A9="Verdadero o Falso Complejas","",""))) | J9: 1 | K9: 2P | L9: =IF(TRIM($A9)="","",IF(OR($A9="Selección de la mejor respuesta",$A9="SELECCION_MEJOR_RESPUESTA",$A9="Subítem de caso o problema",$A9="SUBITEM_CASO"),IF(TRIM($C9)="","Completar enunciado",IF(SUMPRODUCT(--(LEN(TRIM($D9:$H9&""))>0))<5,"Completar opciones A-E",IF(AND(TRIM($I9)<>"",OR(LEFT(TRIM($I9),1)="A",LEFT(TRIM($I9),1)="B",LEFT(TRIM($I9),1)="C",LEFT(TRIM($I9),1)="D",LEFT(TRIM($I9),1)="E")),"OK","Completar respuesta correcta A-E"))),IF(TRIM($A9)="","",IF(COUNTIF($Q9:$AJ9,"?*")=0,"OK","Falta revisar: "&$Q9&$R9&$S9&$T9&$U9&$V9&$W9&$X9&$Y9&$Z9&$AA9&$AB9&$AC9&$AD9&$AE9&$AF9&$AG9&$AH9&$AI9&$AJ9)))) | Q9: =IF(TRIM($C9)="","enunciado","") | R9: =IF(TRIM($K9)="",IF(COUNTIF($Q9:$Q9,"?*")>0,", ","")&"parcial","") | S9: =IF(AND(TRIM($K9)<>"",TRIM($K9)<>VALIDACIONES!$G$1),IF(COUNTIF($Q9:$R9,"?*")>0,", ","")&"parcial distinto a "&VALIDACIONES!$G$1,"") | T9: =IF(AND(OR($A9="Ítems agrupados por caso clínico o problema",$A9="Subítem de caso o problema",$A9="Emparejamiento Ampliado",$A9="Opción de Emparejamiento Ampliado"),TRIM($B9)=""),IF(COUNTIF($Q9:$S9,"?*")>0,", ","")&"grupo","") | U9: =IF(AND(OR($A9="Verdadero o Falso Simple",$A9="Respuesta A/B/Ambas/Ninguna",$A9="Verdadero o Falso Complejas",$A9="Selección de la mejor respuesta",$A9="Subítem de caso o problema",$A9="Opción de Emparejamiento Ampliado"),TRIM($I9)=""),IF(COUNTIF($Q9:$T9,"?*")>0,", ","")&"respuesta_correcta","") | V9: =IF(AND(OR($A9="Verdadero o Falso Simple",$A9="Respuesta A/B/Ambas/Ninguna",$A9="Verdadero o Falso Complejas",$A9="Selección de la mejor respuesta",$A9="Subítem de caso o problema",$A9="Opción de Emparejamiento Ampliado"),TRIM($J9)=""),IF(COUNTIF($Q9:$U9,"?*")>0,", ","")&"dificultad","") | W9: =IF(AND(OR($A9="Ítems agrupados por caso clínico o problema",$A9="Emparejamiento Ampliado"),TRIM($I9)<>""),IF(COUNTIF($Q9:$V9,"?*")>0,", ","")&"respuesta debe ir vacia","") | X9: =IF(AND(OR($A9="Ítems agrupados por caso clínico o problema",$A9="Emparejamiento Ampliado"),TRIM($J9)<>""),IF(COUNTIF($Q9:$W9,"?*")>0,", ","")&"dificultad debe ir vacia","") | Y9: =IF(AND($A9="Verdadero o Falso Simple",OR(COUNTIF($D9:$E9,"?*")<2,COUNTIF($F9:$H9,"?*")>0)),IF(COUNTIF($Q9:$X9,"?*")>0,", ","")&"incisos A-B","") | Z9: =IF(AND($A9="Verdadero o Falso Simple",TRIM($I9)<>"",NOT(OR(LEFT(TRIM($I9),1)="A",LEFT(TRIM($I9),1)="B"))),IF(COUNTIF($Q9:$Y9,"?*")>0,", ","")&"respuesta A-B","") | AA9: =IF(AND($A9="Respuesta A/B/Ambas/Ninguna",COUNTIF($D9:$G9,"?*")<4),IF(COUNTIF($Q9:$Z9,"?*")>0,", ","")&"opciones A-D","") | AB9: =IF(AND($A9="Respuesta A/B/Ambas/Ninguna",COUNTIF($H9:$H9,"?*")>0),IF(COUNTIF($Q9:$AA9,"?*")>0,", ","")&"opcion E deshabilitada","") | AC9: =IF(AND($A9="Respuesta A/B/Ambas/Ninguna",TRIM($I9)<>"",NOT(OR(LEFT(TRIM($I9),1)="A",LEFT(TRIM($I9),1)="B",LEFT(TRIM($I9),1)="C",LEFT(TRIM($I9),1)="D"))),IF(COUNTIF($Q9:$AB9,"?*")>0,", ","")&"respuesta A-D","") | AD9: =IF(AND($A9="Verdadero o Falso Complejas",OR(LEN(TRIM(SUBSTITUTE($D9,"1.","")))=0,LEN(TRIM(SUBSTITUTE($E9,"2.","")))=0,LEN(TRIM(SUBSTITUTE($F9,"3.","")))=0,LEN(TRIM(SUBSTITUTE($G9,"4.","")))=0)),IF(COUNTIF($Q9:$AC9,"?*")>0,", ","")&"incisos 1-4","") | AE9: =IF(AND($A9="Verdadero o Falso Complejas",COUNTIF($H9:$H9,"?*")>0),IF(COUNTIF($Q9:$AD9,"?*")>0,", ","")&"opcion E deshabilitada","") | AF9: =IF(AND($A9="Verdadero o Falso Complejas",TRIM($I9)<>"",NOT(OR(LEFT(TRIM($I9),1)="A",LEFT(TRIM($I9),1)="B",LEFT(TRIM($I9),1)="C",LEFT(TRIM($I9),1)="D",LEFT(TRIM($I9),1)="E"))),IF(COUNTIF($Q9:$AE9,"?*")>0,", ","")&"respuesta A-E","") | AG9: =IF(AND(OR($A9="Selección de la mejor respuesta",$A9="Subítem de caso o problema"),COUNTA($D9:$H9)<5),IF(COUNTIF($Q9:$AF9,"?*")>0,", ","")&"incisos A-E","") | AH9: =IF(AND(OR($A9="Selección de la mejor respuesta",$A9="Subítem de caso o problema"),TRIM($I9)<>"",NOT(OR(LEFT(TRIM($I9),1)="A",LEFT(TRIM($I9),1)="B",LEFT(TRIM($I9),1)="C",LEFT(TRIM($I9),1)="D",LEFT(TRIM($I9),1)="E"))),IF(COUNTIF($Q9:$AG9,"?*")>0,", ","")&"respuesta A-E","") | AI9: =IF(AND(OR($A9="Ítems agrupados por caso clínico o problema",$A9="Opción de Emparejamiento Ampliado"),COUNTIF($D9:$H9,"?*")>0),IF(COUNTIF($Q9:$AH9,"?*")>0,", ","")&"sin incisos","") | AJ9: =IF(AND($A9="Emparejamiento Ampliado",COUNTIF($D9:$H9,"?*")<2),IF(COUNTIF($Q9:$AI9,"?*")>0,", ","")&"minimo 2 claves","") | AK9: =IF(AND($A9="Opción de Emparejamiento Ampliado",NOT(OR(LEFT(TRIM($I9),1)="A",LEFT(TRIM($I9),1)="B",LEFT(TRIM($I9),1)="C",LEFT(TRIM($I9),1)="D",LEFT(TRIM($I9),1)="E"))),IF(COUNTIF($Q9:$AJ9,"?*")>0,", ","")&"respuesta A-E","") | AL9: =IF(TRIM($K9)="",IF(COUNTIF($M9:$M9,"?*")>0,", ","")&"parcial","") | AM9: =IF(AND(TRIM($K9)<>"",TRIM($K9)<>VALIDACIONES!$G$1),IF(COUNTIF($M9:$N9,"?*")>0,", ","")&"parcial distinto a "&VALIDACIONES!$G$1,"") | AN9: =IF(AND(OR($A9="Ítems agrupados por caso clínico o problema",$A9="Subítem de caso o problema",$A9="Emparejamiento Ampliado",$A9="Opción de Emparejamiento Ampliado"),TRIM($B9)=""),IF(COUNTIF($M9:$O9,"?*")>0,", ","")&"grupo","") | AO9: Grupo 1 (V/F y Premisas) | AP9: =COUNTIF($A$2:$A$1001,VALIDACIONES!$A$1)+COUNTIF($A$2:$A$1001,VALIDACIONES!$A$2)+COUNTIF($A$2:$A$1001,VALIDACIONES!$A$3)+COUNTIF($A$2:$A$1001,"VERDADERO_O_FALSO_SIMPLE")+COUNTIF($A$2:$A$1001,"VERDADERO_O_FALSO_COMPLEJAS")+COUNTIF($A$2:$A$1001,"RESPUESTA_PREMISAS_ABCD")+COUNTIF($A$2:$A$1001,"FALSO_VERDADERO")+COUNTIF($A$2:$A$1001,"PREGUNTA_CON_CLAVE")+COUNTIF($A$2:$A$1001,"RESPUESTA_COMPUESTA") | AQ9: Meta: 15
D10: =IF($A10="Verdadero o Falso Simple","Verdadero",IF($A10="Respuesta A/B/Ambas/Ninguna","A. Si la primera es verdadera",IF($A10="Verdadero o Falso Complejas","1. ",""))) | E10: =IF($A10="Verdadero o Falso Simple","Falso",IF($A10="Respuesta A/B/Ambas/Ninguna","B. Si la segunda es verdadera",IF($A10="Verdadero o Falso Complejas","2. ",""))) | F10: =IF($A10="Respuesta A/B/Ambas/Ninguna","C. Si ambas son verdaderas",IF($A10="Verdadero o Falso Complejas","3. ","")) | G10: =IF($A10="Respuesta A/B/Ambas/Ninguna","D. Si ninguna es verdadera",IF($A10="Verdadero o Falso Complejas","4. ","")) | H10: =IF($A10="Verdadero o Falso Simple","",IF($A10="Respuesta A/B/Ambas/Ninguna","",IF($A10="Verdadero o Falso Complejas","",""))) | J10: 1 | K10: 2P | L10: =IF(TRIM($A10)="","",IF(OR($A10="Selección de la mejor respuesta",$A10="SELECCION_MEJOR_RESPUESTA",$A10="Subítem de caso o problema",$A10="SUBITEM_CASO"),IF(TRIM($C10)="","Completar enunciado",IF(SUMPRODUCT(--(LEN(TRIM($D10:$H10&""))>0))<5,"Completar opciones A-E",IF(AND(TRIM($I10)<>"",OR(LEFT(TRIM($I10),1)="A",LEFT(TRIM($I10),1)="B",LEFT(TRIM($I10),1)="C",LEFT(TRIM($I10),1)="D",LEFT(TRIM($I10),1)="E")),"OK","Completar respuesta correcta A-E"))),IF(TRIM($A10)="","",IF(COUNTIF($Q10:$AJ10,"?*")=0,"OK","Falta revisar: "&$Q10&$R10&$S10&$T10&$U10&$V10&$W10&$X10&$Y10&$Z10&$AA10&$AB10&$AC10&$AD10&$AE10&$AF10&$AG10&$AH10&$AI10&$AJ10)))) | Q10: =IF(TRIM($C10)="","enunciado","") | R10: =IF(TRIM($K10)="",IF(COUNTIF($Q10:$Q10,"?*")>0,", ","")&"parcial","") | S10: =IF(AND(TRIM($K10)<>"",TRIM($K10)<>VALIDACIONES!$G$1),IF(COUNTIF($Q10:$R10,"?*")>0,", ","")&"parcial distinto a "&VALIDACIONES!$G$1,"") | T10: =IF(AND(OR($A10="Ítems agrupados por caso clínico o problema",$A10="Subítem de caso o problema",$A10="Emparejamiento Ampliado",$A10="Opción de Emparejamiento Ampliado"),TRIM($B10)=""),IF(COUNTIF($Q10:$S10,"?*")>0,", ","")&"grupo","") | U10: =IF(AND(OR($A10="Verdadero o Falso Simple",$A10="Respuesta A/B/Ambas/Ninguna",$A10="Verdadero o Falso Complejas",$A10="Selección de la mejor respuesta",$A10="Subítem de caso o problema",$A10="Opción de Emparejamiento Ampliado"),TRIM($I10)=""),IF(COUNTIF($Q10:$T10,"?*")>0,", ","")&"respuesta_correcta","") | V10: =IF(AND(OR($A10="Verdadero o Falso Simple",$A10="Respuesta A/B/Ambas/Ninguna",$A10="Verdadero o Falso Complejas",$A10="Selección de la mejor respuesta",$A10="Subítem de caso o problema",$A10="Opción de Emparejamiento Ampliado"),TRIM($J10)=""),IF(COUNTIF($Q10:$U10,"?*")>0,", ","")&"dificultad","") | W10: =IF(AND(OR($A10="Ítems agrupados por caso clínico o problema",$A10="Emparejamiento Ampliado"),TRIM($I10)<>""),IF(COUNTIF($Q10:$V10,"?*")>0,", ","")&"respuesta debe ir vacia","") | X10: =IF(AND(OR($A10="Ítems agrupados por caso clínico o problema",$A10="Emparejamiento Ampliado"),TRIM($J10)<>""),IF(COUNTIF($Q10:$W10,"?*")>0,", ","")&"dificultad debe ir vacia","") | Y10: =IF(AND($A10="Verdadero o Falso Simple",OR(COUNTIF($D10:$E10,"?*")<2,COUNTIF($F10:$H10,"?*")>0)),IF(COUNTIF($Q10:$X10,"?*")>0,", ","")&"incisos A-B","") | Z10: =IF(AND($A10="Verdadero o Falso Simple",TRIM($I10)<>"",NOT(OR(LEFT(TRIM($I10),1)="A",LEFT(TRIM($I10),1)="B"))),IF(COUNTIF($Q10:$Y10,"?*")>0,", ","")&"respuesta A-B","") | AA10: =IF(AND($A10="Respuesta A/B/Ambas/Ninguna",COUNTIF($D10:$G10,"?*")<4),IF(COUNTIF($Q10:$Z10,"?*")>0,", ","")&"opciones A-D","") | AB10: =IF(AND($A10="Respuesta A/B/Ambas/Ninguna",COUNTIF($H10:$H10,"?*")>0),IF(COUNTIF($Q10:$AA10,"?*")>0,", ","")&"opcion E deshabilitada","") | AC10: =IF(AND($A10="Respuesta A/B/Ambas/Ninguna",TRIM($I10)<>"",NOT(OR(LEFT(TRIM($I10),1)="A",LEFT(TRIM($I10),1)="B",LEFT(TRIM($I10),1)="C",LEFT(TRIM($I10),1)="D"))),IF(COUNTIF($Q10:$AB10,"?*")>0,", ","")&"respuesta A-D","") | AD10: =IF(AND($A10="Verdadero o Falso Complejas",OR(LEN(TRIM(SUBSTITUTE($D10,"1.","")))=0,LEN(TRIM(SUBSTITUTE($E10,"2.","")))=0,LEN(TRIM(SUBSTITUTE($F10,"3.","")))=0,LEN(TRIM(SUBSTITUTE($G10,"4.","")))=0)),IF(COUNTIF($Q10:$AC10,"?*")>0,", ","")&"incisos 1-4","") | AE10: =IF(AND($A10="Verdadero o Falso Complejas",COUNTIF($H10:$H10,"?*")>0),IF(COUNTIF($Q10:$AD10,"?*")>0,", ","")&"opcion E deshabilitada","") | AF10: =IF(AND($A10="Verdadero o Falso Complejas",TRIM($I10)<>"",NOT(OR(LEFT(TRIM($I10),1)="A",LEFT(TRIM($I10),1)="B",LEFT(TRIM($I10),1)="C",LEFT(TRIM($I10),1)="D",LEFT(TRIM($I10),1)="E"))),IF(COUNTIF($Q10:$AE10,"?*")>0,", ","")&"respuesta A-E","") | AG10: =IF(AND(OR($A10="Selección de la mejor respuesta",$A10="Subítem de caso o problema"),COUNTA($D10:$H10)<5),IF(COUNTIF($Q10:$AF10,"?*")>0,", ","")&"incisos A-E","") | AH10: =IF(AND(OR($A10="Selección de la mejor respuesta",$A10="Subítem de caso o problema"),TRIM($I10)<>"",NOT(OR(LEFT(TRIM($I10),1)="A",LEFT(TRIM($I10),1)="B",LEFT(TRIM($I10),1)="C",LEFT(TRIM($I10),1)="D",LEFT(TRIM($I10),1)="E"))),IF(COUNTIF($Q10:$AG10,"?*")>0,", ","")&"respuesta A-E","") | AI10: =IF(AND(OR($A10="Ítems agrupados por caso clínico o problema",$A10="Opción de Emparejamiento Ampliado"),COUNTIF($D10:$H10,"?*")>0),IF(COUNTIF($Q10:$AH10,"?*")>0,", ","")&"sin incisos","") | AJ10: =IF(AND($A10="Emparejamiento Ampliado",COUNTIF($D10:$H10,"?*")<2),IF(COUNTIF($Q10:$AI10,"?*")>0,", ","")&"minimo 2 claves","") | AK10: =IF(AND($A10="Opción de Emparejamiento Ampliado",NOT(OR(LEFT(TRIM($I10),1)="A",LEFT(TRIM($I10),1)="B",LEFT(TRIM($I10),1)="C",LEFT(TRIM($I10),1)="D",LEFT(TRIM($I10),1)="E"))),IF(COUNTIF($Q10:$AJ10,"?*")>0,", ","")&"respuesta A-E","") | AL10: =IF(TRIM($K10)="",IF(COUNTIF($M10:$M10,"?*")>0,", ","")&"parcial","") | AM10: =IF(AND(TRIM($K10)<>"",TRIM($K10)<>VALIDACIONES!$G$1),IF(COUNTIF($M10:$N10,"?*")>0,", ","")&"parcial distinto a "&VALIDACIONES!$G$1,"") | AN10: =IF(AND(OR($A10="Ítems agrupados por caso clínico o problema",$A10="Subítem de caso o problema",$A10="Emparejamiento Ampliado",$A10="Opción de Emparejamiento Ampliado"),TRIM($B10)=""),IF(COUNTIF($M10:$O10,"?*")>0,", ","")&"grupo","") | AO10: Grupo 2 (Mejor Respuesta) | AP10: =COUNTIF($A$2:$A$1001,VALIDACIONES!$A$4)+COUNTIF($A$2:$A$1001,"SELECCION_MEJOR_RESPUESTA")+COUNTIF($A$2:$A$1001,"SELECCION_SIMPLE")+COUNTIF($A$2:$A$1001,"SELECCION_UNICA") | AQ10: Meta: 30
D11: =IF($A11="Verdadero o Falso Simple","Verdadero",IF($A11="Respuesta A/B/Ambas/Ninguna","A. Si la primera es verdadera",IF($A11="Verdadero o Falso Complejas","1. ",""))) | E11: =IF($A11="Verdadero o Falso Simple","Falso",IF($A11="Respuesta A/B/Ambas/Ninguna","B. Si la segunda es verdadera",IF($A11="Verdadero o Falso Complejas","2. ",""))) | F11: =IF($A11="Respuesta A/B/Ambas/Ninguna","C. Si ambas son verdaderas",IF($A11="Verdadero o Falso Complejas","3. ","")) | G11: =IF($A11="Respuesta A/B/Ambas/Ninguna","D. Si ninguna es verdadera",IF($A11="Verdadero o Falso Complejas","4. ","")) | H11: =IF($A11="Verdadero o Falso Simple","",IF($A11="Respuesta A/B/Ambas/Ninguna","",IF($A11="Verdadero o Falso Complejas","",""))) | J11: 1 | K11: 2P | L11: =IF(TRIM($A11)="","",IF(OR($A11="Selección de la mejor respuesta",$A11="SELECCION_MEJOR_RESPUESTA",$A11="Subítem de caso o problema",$A11="SUBITEM_CASO"),IF(TRIM($C11)="","Completar enunciado",IF(SUMPRODUCT(--(LEN(TRIM($D11:$H11&""))>0))<5,"Completar opciones A-E",IF(AND(TRIM($I11)<>"",OR(LEFT(TRIM($I11),1)="A",LEFT(TRIM($I11),1)="B",LEFT(TRIM($I11),1)="C",LEFT(TRIM($I11),1)="D",LEFT(TRIM($I11),1)="E")),"OK","Completar respuesta correcta A-E"))),IF(TRIM($A11)="","",IF(COUNTIF($Q11:$AJ11,"?*")=0,"OK","Falta revisar: "&$Q11&$R11&$S11&$T11&$U11&$V11&$W11&$X11&$Y11&$Z11&$AA11&$AB11&$AC11&$AD11&$AE11&$AF11&$AG11&$AH11&$AI11&$AJ11)))) | Q11: =IF(TRIM($C11)="","enunciado","") | R11: =IF(TRIM($K11)="",IF(COUNTIF($Q11:$Q11,"?*")>0,", ","")&"parcial","") | S11: =IF(AND(TRIM($K11)<>"",TRIM($K11)<>VALIDACIONES!$G$1),IF(COUNTIF($Q11:$R11,"?*")>0,", ","")&"parcial distinto a "&VALIDACIONES!$G$1,"") | T11: =IF(AND(OR($A11="Ítems agrupados por caso clínico o problema",$A11="Subítem de caso o problema",$A11="Emparejamiento Ampliado",$A11="Opción de Emparejamiento Ampliado"),TRIM($B11)=""),IF(COUNTIF($Q11:$S11,"?*")>0,", ","")&"grupo","") | U11: =IF(AND(OR($A11="Verdadero o Falso Simple",$A11="Respuesta A/B/Ambas/Ninguna",$A11="Verdadero o Falso Complejas",$A11="Selección de la mejor respuesta",$A11="Subítem de caso o problema",$A11="Opción de Emparejamiento Ampliado"),TRIM($I11)=""),IF(COUNTIF($Q11:$T11,"?*")>0,", ","")&"respuesta_correcta","") | V11: =IF(AND(OR($A11="Verdadero o Falso Simple",$A11="Respuesta A/B/Ambas/Ninguna",$A11="Verdadero o Falso Complejas",$A11="Selección de la mejor respuesta",$A11="Subítem de caso o problema",$A11="Opción de Emparejamiento Ampliado"),TRIM($J11)=""),IF(COUNTIF($Q11:$U11,"?*")>0,", ","")&"dificultad","") | W11: =IF(AND(OR($A11="Ítems agrupados por caso clínico o problema",$A11="Emparejamiento Ampliado"),TRIM($I11)<>""),IF(COUNTIF($Q11:$V11,"?*")>0,", ","")&"respuesta debe ir vacia","") | X11: =IF(AND(OR($A11="Ítems agrupados por caso clínico o problema",$A11="Emparejamiento Ampliado"),TRIM($J11)<>""),IF(COUNTIF($Q11:$W11,"?*")>0,", ","")&"dificultad debe ir vacia","") | Y11: =IF(AND($A11="Verdadero o Falso Simple",OR(COUNTIF($D11:$E11,"?*")<2,COUNTIF($F11:$H11,"?*")>0)),IF(COUNTIF($Q11:$X11,"?*")>0,", ","")&"incisos A-B","") | Z11: =IF(AND($A11="Verdadero o Falso Simple",TRIM($I11)<>"",NOT(OR(LEFT(TRIM($I11),1)="A",LEFT(TRIM($I11),1)="B"))),IF(COUNTIF($Q11:$Y11,"?*")>0,", ","")&"respuesta A-B","") | AA11: =IF(AND($A11="Respuesta A/B/Ambas/Ninguna",COUNTIF($D11:$G11,"?*")<4),IF(COUNTIF($Q11:$Z11,"?*")>0,", ","")&"opciones A-D","") | AB11: =IF(AND($A11="Respuesta A/B/Ambas/Ninguna",COUNTIF($H11:$H11,"?*")>0),IF(COUNTIF($Q11:$AA11,"?*")>0,", ","")&"opcion E deshabilitada","") | AC11: =IF(AND($A11="Respuesta A/B/Ambas/Ninguna",TRIM($I11)<>"",NOT(OR(LEFT(TRIM($I11),1)="A",LEFT(TRIM($I11),1)="B",LEFT(TRIM($I11),1)="C",LEFT(TRIM($I11),1)="D"))),IF(COUNTIF($Q11:$AB11,"?*")>0,", ","")&"respuesta A-D","") | AD11: =IF(AND($A11="Verdadero o Falso Complejas",OR(LEN(TRIM(SUBSTITUTE($D11,"1.","")))=0,LEN(TRIM(SUBSTITUTE($E11,"2.","")))=0,LEN(TRIM(SUBSTITUTE($F11,"3.","")))=0,LEN(TRIM(SUBSTITUTE($G11,"4.","")))=0)),IF(COUNTIF($Q11:$AC11,"?*")>0,", ","")&"incisos 1-4","") | AE11: =IF(AND($A11="Verdadero o Falso Complejas",COUNTIF($H11:$H11,"?*")>0),IF(COUNTIF($Q11:$AD11,"?*")>0,", ","")&"opcion E deshabilitada","") | AF11: =IF(AND($A11="Verdadero o Falso Complejas",TRIM($I11)<>"",NOT(OR(LEFT(TRIM($I11),1)="A",LEFT(TRIM($I11),1)="B",LEFT(TRIM($I11),1)="C",LEFT(TRIM($I11),1)="D",LEFT(TRIM($I11),1)="E"))),IF(COUNTIF($Q11:$AE11,"?*")>0,", ","")&"respuesta A-E","") | AG11: =IF(AND(OR($A11="Selección de la mejor respuesta",$A11="Subítem de caso o problema"),COUNTA($D11:$H11)<5),IF(COUNTIF($Q11:$AF11,"?*")>0,", ","")&"incisos A-E","") | AH11: =IF(AND(OR($A11="Selección de la mejor respuesta",$A11="Subítem de caso o problema"),TRIM($I11)<>"",NOT(OR(LEFT(TRIM($I11),1)="A",LEFT(TRIM($I11),1)="B",LEFT(TRIM($I11),1)="C",LEFT(TRIM($I11),1)="D",LEFT(TRIM($I11),1)="E"))),IF(COUNTIF($Q11:$AG11,"?*")>0,", ","")&"respuesta A-E","") | AI11: =IF(AND(OR($A11="Ítems agrupados por caso clínico o problema",$A11="Opción de Emparejamiento Ampliado"),COUNTIF($D11:$H11,"?*")>0),IF(COUNTIF($Q11:$AH11,"?*")>0,", ","")&"sin incisos","") | AJ11: =IF(AND($A11="Emparejamiento Ampliado",COUNTIF($D11:$H11,"?*")<2),IF(COUNTIF($Q11:$AI11,"?*")>0,", ","")&"minimo 2 claves","") | AK11: =IF(AND($A11="Opción de Emparejamiento Ampliado",NOT(OR(LEFT(TRIM($I11),1)="A",LEFT(TRIM($I11),1)="B",LEFT(TRIM($I11),1)="C",LEFT(TRIM($I11),1)="D",LEFT(TRIM($I11),1)="E"))),IF(COUNTIF($Q11:$AJ11,"?*")>0,", ","")&"respuesta A-E","") | AL11: =IF(TRIM($K11)="",IF(COUNTIF($M11:$M11,"?*")>0,", ","")&"parcial","") | AM11: =IF(AND(TRIM($K11)<>"",TRIM($K11)<>VALIDACIONES!$G$1),IF(COUNTIF($M11:$N11,"?*")>0,", ","")&"parcial distinto a "&VALIDACIONES!$G$1,"") | AN11: =IF(AND(OR($A11="Ítems agrupados por caso clínico o problema",$A11="Subítem de caso o problema",$A11="Emparejamiento Ampliado",$A11="Opción de Emparejamiento Ampliado"),TRIM($B11)=""),IF(COUNTIF($M11:$O11,"?*")>0,", ","")&"grupo","") | AO11: Grupo 3 (Casos y Emparej.) | AP11: =COUNTIF($A$2:$A$1001,VALIDACIONES!$A$6)+COUNTIF($A$2:$A$1001,VALIDACIONES!$A$8)+COUNTIF($A$2:$A$1001,"OPCION_EMPAREJAMIENTO")+COUNTIF($A$2:$A$1001,"SUBITEM_CASO")+COUNTIF($A$2:$A$1001,"SUBPROBLEMA") | AQ11: Meta: 15
D12: =IF($A12="Verdadero o Falso Simple","Verdadero",IF($A12="Respuesta A/B/Ambas/Ninguna","A. Si la primera es verdadera",IF($A12="Verdadero o Falso Complejas","1. ",""))) | E12: =IF($A12="Verdadero o Falso Simple","Falso",IF($A12="Respuesta A/B/Ambas/Ninguna","B. Si la segunda es verdadera",IF($A12="Verdadero o Falso Complejas","2. ",""))) | F12: =IF($A12="Respuesta A/B/Ambas/Ninguna","C. Si ambas son verdaderas",IF($A12="Verdadero o Falso Complejas","3. ","")) | G12: =IF($A12="Respuesta A/B/Ambas/Ninguna","D. Si ninguna es verdadera",IF($A12="Verdadero o Falso Complejas","4. ","")) | H12: =IF($A12="Verdadero o Falso Simple","",IF($A12="Respuesta A/B/Ambas/Ninguna","",IF($A12="Verdadero o Falso Complejas","",""))) | J12: 1 | K12: 2P | L12: =IF(TRIM($A12)="","",IF(OR($A12="Selección de la mejor respuesta",$A12="SELECCION_MEJOR_RESPUESTA",$A12="Subítem de caso o problema",$A12="SUBITEM_CASO"),IF(TRIM($C12)="","Completar enunciado",IF(SUMPRODUCT(--(LEN(TRIM($D12:$H12&""))>0))<5,"Completar opciones A-E",IF(AND(TRIM($I12)<>"",OR(LEFT(TRIM($I12),1)="A",LEFT(TRIM($I12),1)="B",LEFT(TRIM($I12),1)="C",LEFT(TRIM($I12),1)="D",LEFT(TRIM($I12),1)="E")),"OK","Completar respuesta correcta A-E"))),IF(TRIM($A12)="","",IF(COUNTIF($Q12:$AJ12,"?*")=0,"OK","Falta revisar: "&$Q12&$R12&$S12&$T12&$U12&$V12&$W12&$X12&$Y12&$Z12&$AA12&$AB12&$AC12&$AD12&$AE12&$AF12&$AG12&$AH12&$AI12&$AJ12)))) | Q12: =IF(TRIM($C12)="","enunciado","") | R12: =IF(TRIM($K12)="",IF(COUNTIF($Q12:$Q12,"?*")>0,", ","")&"parcial","") | S12: =IF(AND(TRIM($K12)<>"",TRIM($K12)<>VALIDACIONES!$G$1),IF(COUNTIF($Q12:$R12,"?*")>0,", ","")&"parcial distinto a "&VALIDACIONES!$G$1,"") | T12: =IF(AND(OR($A12="Ítems agrupados por caso clínico o problema",$A12="Subítem de caso o problema",$A12="Emparejamiento Ampliado",$A12="Opción de Emparejamiento Ampliado"),TRIM($B12)=""),IF(COUNTIF($Q12:$S12,"?*")>0,", ","")&"grupo","") | U12: =IF(AND(OR($A12="Verdadero o Falso Simple",$A12="Respuesta A/B/Ambas/Ninguna",$A12="Verdadero o Falso Complejas",$A12="Selección de la mejor respuesta",$A12="Subítem de caso o problema",$A12="Opción de Emparejamiento Ampliado"),TRIM($I12)=""),IF(COUNTIF($Q12:$T12,"?*")>0,", ","")&"respuesta_correcta","") | V12: =IF(AND(OR($A12="Verdadero o Falso Simple",$A12="Respuesta A/B/Ambas/Ninguna",$A12="Verdadero o Falso Complejas",$A12="Selección de la mejor respuesta",$A12="Subítem de caso o problema",$A12="Opción de Emparejamiento Ampliado"),TRIM($J12)=""),IF(COUNTIF($Q12:$U12,"?*")>0,", ","")&"dificultad","") | W12: =IF(AND(OR($A12="Ítems agrupados por caso clínico o problema",$A12="Emparejamiento Ampliado"),TRIM($I12)<>""),IF(COUNTIF($Q12:$V12,"?*")>0,", ","")&"respuesta debe ir vacia","") | X12: =IF(AND(OR($A12="Ítems agrupados por caso clínico o problema",$A12="Emparejamiento Ampliado"),TRIM($J12)<>""),IF(COUNTIF($Q12:$W12,"?*")>0,", ","")&"dificultad debe ir vacia","") | Y12: =IF(AND($A12="Verdadero o Falso Simple",OR(COUNTIF($D12:$E12,"?*")<2,COUNTIF($F12:$H12,"?*")>0)),IF(COUNTIF($Q12:$X12,"?*")>0,", ","")&"incisos A-B","") | Z12: =IF(AND($A12="Verdadero o Falso Simple",TRIM($I12)<>"",NOT(OR(LEFT(TRIM($I12),1)="A",LEFT(TRIM($I12),1)="B"))),IF(COUNTIF($Q12:$Y12,"?*")>0,", ","")&"respuesta A-B","") | AA12: =IF(AND($A12="Respuesta A/B/Ambas/Ninguna",COUNTIF($D12:$G12,"?*")<4),IF(COUNTIF($Q12:$Z12,"?*")>0,", ","")&"opciones A-D","") | AB12: =IF(AND($A12="Respuesta A/B/Ambas/Ninguna",COUNTIF($H12:$H12,"?*")>0),IF(COUNTIF($Q12:$AA12,"?*")>0,", ","")&"opcion E deshabilitada","") | AC12: =IF(AND($A12="Respuesta A/B/Ambas/Ninguna",TRIM($I12)<>"",NOT(OR(LEFT(TRIM($I12),1)="A",LEFT(TRIM($I12),1)="B",LEFT(TRIM($I12),1)="C",LEFT(TRIM($I12),1)="D"))),IF(COUNTIF($Q12:$AB12,"?*")>0,", ","")&"respuesta A-D","") | AD12: =IF(AND($A12="Verdadero o Falso Complejas",OR(LEN(TRIM(SUBSTITUTE($D12,"1.","")))=0,LEN(TRIM(SUBSTITUTE($E12,"2.","")))=0,LEN(TRIM(SUBSTITUTE($F12,"3.","")))=0,LEN(TRIM(SUBSTITUTE($G12,"4.","")))=0)),IF(COUNTIF($Q12:$AC12,"?*")>0,", ","")&"incisos 1-4","") | AE12: =IF(AND($A12="Verdadero o Falso Complejas",COUNTIF($H12:$H12,"?*")>0),IF(COUNTIF($Q12:$AD12,"?*")>0,", ","")&"opcion E deshabilitada","") | AF12: =IF(AND($A12="Verdadero o Falso Complejas",TRIM($I12)<>"",NOT(OR(LEFT(TRIM($I12),1)="A",LEFT(TRIM($I12),1)="B",LEFT(TRIM($I12),1)="C",LEFT(TRIM($I12),1)="D",LEFT(TRIM($I12),1)="E"))),IF(COUNTIF($Q12:$AE12,"?*")>0,", ","")&"respuesta A-E","") | AG12: =IF(AND(OR($A12="Selección de la mejor respuesta",$A12="Subítem de caso o problema"),COUNTA($D12:$H12)<5),IF(COUNTIF($Q12:$AF12,"?*")>0,", ","")&"incisos A-E","") | AH12: =IF(AND(OR($A12="Selección de la mejor respuesta",$A12="Subítem de caso o problema"),TRIM($I12)<>"",NOT(OR(LEFT(TRIM($I12),1)="A",LEFT(TRIM($I12),1)="B",LEFT(TRIM($I12),1)="C",LEFT(TRIM($I12),1)="D",LEFT(TRIM($I12),1)="E"))),IF(COUNTIF($Q12:$AG12,"?*")>0,", ","")&"respuesta A-E","") | AI12: =IF(AND(OR($A12="Ítems agrupados por caso clínico o problema",$A12="Opción de Emparejamiento Ampliado"),COUNTIF($D12:$H12,"?*")>0),IF(COUNTIF($Q12:$AH12,"?*")>0,", ","")&"sin incisos","") | AJ12: =IF(AND($A12="Emparejamiento Ampliado",COUNTIF($D12:$H12,"?*")<2),IF(COUNTIF($Q12:$AI12,"?*")>0,", ","")&"minimo 2 claves","") | AK12: =IF(AND($A12="Opción de Emparejamiento Ampliado",NOT(OR(LEFT(TRIM($I12),1)="A",LEFT(TRIM($I12),1)="B",LEFT(TRIM($I12),1)="C",LEFT(TRIM($I12),1)="D",LEFT(TRIM($I12),1)="E"))),IF(COUNTIF($Q12:$AJ12,"?*")>0,", ","")&"respuesta A-E","") | AL12: =IF(TRIM($K12)="",IF(COUNTIF($M12:$M12,"?*")>0,", ","")&"parcial","") | AM12: =IF(AND(TRIM($K12)<>"",TRIM($K12)<>VALIDACIONES!$G$1),IF(COUNTIF($M12:$N12,"?*")>0,", ","")&"parcial distinto a "&VALIDACIONES!$G$1,"") | AN12: =IF(AND(OR($A12="Ítems agrupados por caso clínico o problema",$A12="Subítem de caso o problema",$A12="Emparejamiento Ampliado",$A12="Opción de Emparejamiento Ampliado"),TRIM($B12)=""),IF(COUNTIF($M12:$O12,"?*")>0,", ","")&"grupo","") | AO12: Total por Grupos | AP12: =SUM(AP9:AP11) | AQ12: Meta: 60
D13: =IF($A13="Verdadero o Falso Simple","Verdadero",IF($A13="Respuesta A/B/Ambas/Ninguna","A. Si la primera es verdadera",IF($A13="Verdadero o Falso Complejas","1. ",""))) | E13: =IF($A13="Verdadero o Falso Simple","Falso",IF($A13="Respuesta A/B/Ambas/Ninguna","B. Si la segunda es verdadera",IF($A13="Verdadero o Falso Complejas","2. ",""))) | F13: =IF($A13="Respuesta A/B/Ambas/Ninguna","C. Si ambas son verdaderas",IF($A13="Verdadero o Falso Complejas","3. ","")) | G13: =IF($A13="Respuesta A/B/Ambas/Ninguna","D. Si ninguna es verdadera",IF($A13="Verdadero o Falso Complejas","4. ","")) | H13: =IF($A13="Verdadero o Falso Simple","",IF($A13="Respuesta A/B/Ambas/Ninguna","",IF($A13="Verdadero o Falso Complejas","",""))) | J13: 1 | K13: 2P | L13: =IF(TRIM($A13)="","",IF(OR($A13="Selección de la mejor respuesta",$A13="SELECCION_MEJOR_RESPUESTA",$A13="Subítem de caso o problema",$A13="SUBITEM_CASO"),IF(TRIM($C13)="","Completar enunciado",IF(SUMPRODUCT(--(LEN(TRIM($D13:$H13&""))>0))<5,"Completar opciones A-E",IF(AND(TRIM($I13)<>"",OR(LEFT(TRIM($I13),1)="A",LEFT(TRIM($I13),1)="B",LEFT(TRIM($I13),1)="C",LEFT(TRIM($I13),1)="D",LEFT(TRIM($I13),1)="E")),"OK","Completar respuesta correcta A-E"))),IF(TRIM($A13)="","",IF(COUNTIF($Q13:$AJ13,"?*")=0,"OK","Falta revisar: "&$Q13&$R13&$S13&$T13&$U13&$V13&$W13&$X13&$Y13&$Z13&$AA13&$AB13&$AC13&$AD13&$AE13&$AF13&$AG13&$AH13&$AI13&$AJ13)))) | Q13: =IF(TRIM($C13)="","enunciado","") | R13: =IF(TRIM($K13)="",IF(COUNTIF($Q13:$Q13,"?*")>0,", ","")&"parcial","") | S13: =IF(AND(TRIM($K13)<>"",TRIM($K13)<>VALIDACIONES!$G$1),IF(COUNTIF($Q13:$R13,"?*")>0,", ","")&"parcial distinto a "&VALIDACIONES!$G$1,"") | T13: =IF(AND(OR($A13="Ítems agrupados por caso clínico o problema",$A13="Subítem de caso o problema",$A13="Emparejamiento Ampliado",$A13="Opción de Emparejamiento Ampliado"),TRIM($B13)=""),IF(COUNTIF($Q13:$S13,"?*")>0,", ","")&"grupo","") | U13: =IF(AND(OR($A13="Verdadero o Falso Simple",$A13="Respuesta A/B/Ambas/Ninguna",$A13="Verdadero o Falso Complejas",$A13="Selección de la mejor respuesta",$A13="Subítem de caso o problema",$A13="Opción de Emparejamiento Ampliado"),TRIM($I13)=""),IF(COUNTIF($Q13:$T13,"?*")>0,", ","")&"respuesta_correcta","") | V13: =IF(AND(OR($A13="Verdadero o Falso Simple",$A13="Respuesta A/B/Ambas/Ninguna",$A13="Verdadero o Falso Complejas",$A13="Selección de la mejor respuesta",$A13="Subítem de caso o problema",$A13="Opción de Emparejamiento Ampliado"),TRIM($J13)=""),IF(COUNTIF($Q13:$U13,"?*")>0,", ","")&"dificultad","") | W13: =IF(AND(OR($A13="Ítems agrupados por caso clínico o problema",$A13="Emparejamiento Ampliado"),TRIM($I13)<>""),IF(COUNTIF($Q13:$V13,"?*")>0,", ","")&"respuesta debe ir vacia","") | X13: =IF(AND(OR($A13="Ítems agrupados por caso clínico o problema",$A13="Emparejamiento Ampliado"),TRIM($J13)<>""),IF(COUNTIF($Q13:$W13,"?*")>0,", ","")&"dificultad debe ir vacia","") | Y13: =IF(AND($A13="Verdadero o Falso Simple",OR(COUNTIF($D13:$E13,"?*")<2,COUNTIF($F13:$H13,"?*")>0)),IF(COUNTIF($Q13:$X13,"?*")>0,", ","")&"incisos A-B","") | Z13: =IF(AND($A13="Verdadero o Falso Simple",TRIM($I13)<>"",NOT(OR(LEFT(TRIM($I13),1)="A",LEFT(TRIM($I13),1)="B"))),IF(COUNTIF($Q13:$Y13,"?*")>0,", ","")&"respuesta A-B","") | AA13: =IF(AND($A13="Respuesta A/B/Ambas/Ninguna",COUNTIF($D13:$G13,"?*")<4),IF(COUNTIF($Q13:$Z13,"?*")>0,", ","")&"opciones A-D","") | AB13: =IF(AND($A13="Respuesta A/B/Ambas/Ninguna",COUNTIF($H13:$H13,"?*")>0),IF(COUNTIF($Q13:$AA13,"?*")>0,", ","")&"opcion E deshabilitada","") | AC13: =IF(AND($A13="Respuesta A/B/Ambas/Ninguna",TRIM($I13)<>"",NOT(OR(LEFT(TRIM($I13),1)="A",LEFT(TRIM($I13),1)="B",LEFT(TRIM($I13),1)="C",LEFT(TRIM($I13),1)="D"))),IF(COUNTIF($Q13:$AB13,"?*")>0,", ","")&"respuesta A-D","") | AD13: =IF(AND($A13="Verdadero o Falso Complejas",OR(LEN(TRIM(SUBSTITUTE($D13,"1.","")))=0,LEN(TRIM(SUBSTITUTE($E13,"2.","")))=0,LEN(TRIM(SUBSTITUTE($F13,"3.","")))=0,LEN(TRIM(SUBSTITUTE($G13,"4.","")))=0)),IF(COUNTIF($Q13:$AC13,"?*")>0,", ","")&"incisos 1-4","") | AE13: =IF(AND($A13="Verdadero o Falso Complejas",COUNTIF($H13:$H13,"?*")>0),IF(COUNTIF($Q13:$AD13,"?*")>0,", ","")&"opcion E deshabilitada","") | AF13: =IF(AND($A13="Verdadero o Falso Complejas",TRIM($I13)<>"",NOT(OR(LEFT(TRIM($I13),1)="A",LEFT(TRIM($I13),1)="B",LEFT(TRIM($I13),1)="C",LEFT(TRIM($I13),1)="D",LEFT(TRIM($I13),1)="E"))),IF(COUNTIF($Q13:$AE13,"?*")>0,", ","")&"respuesta A-E","") | AG13: =IF(AND(OR($A13="Selección de la mejor respuesta",$A13="Subítem de caso o problema"),COUNTA($D13:$H13)<5),IF(COUNTIF($Q13:$AF13,"?*")>0,", ","")&"incisos A-E","") | AH13: =IF(AND(OR($A13="Selección de la mejor respuesta",$A13="Subítem de caso o problema"),TRIM($I13)<>"",NOT(OR(LEFT(TRIM($I13),1)="A",LEFT(TRIM($I13),1)="B",LEFT(TRIM($I13),1)="C",LEFT(TRIM($I13),1)="D",LEFT(TRIM($I13),1)="E"))),IF(COUNTIF($Q13:$AG13,"?*")>0,", ","")&"respuesta A-E","") | AI13: =IF(AND(OR($A13="Ítems agrupados por caso clínico o problema",$A13="Opción de Emparejamiento Ampliado"),COUNTIF($D13:$H13,"?*")>0),IF(COUNTIF($Q13:$AH13,"?*")>0,", ","")&"sin incisos","") | AJ13: =IF(AND($A13="Emparejamiento Ampliado",COUNTIF($D13:$H13,"?*")<2),IF(COUNTIF($Q13:$AI13,"?*")>0,", ","")&"minimo 2 claves","") | AK13: =IF(AND($A13="Opción de Emparejamiento Ampliado",NOT(OR(LEFT(TRIM($I13),1)="A",LEFT(TRIM($I13),1)="B",LEFT(TRIM($I13),1)="C",LEFT(TRIM($I13),1)="D",LEFT(TRIM($I13),1)="E"))),IF(COUNTIF($Q13:$AJ13,"?*")>0,", ","")&"respuesta A-E","") | AL13: =IF(TRIM($K13)="",IF(COUNTIF($M13:$M13,"?*")>0,", ","")&"parcial","") | AM13: =IF(AND(TRIM($K13)<>"",TRIM($K13)<>VALIDACIONES!$G$1),IF(COUNTIF($M13:$N13,"?*")>0,", ","")&"parcial distinto a "&VALIDACIONES!$G$1,"") | AN13: =IF(AND(OR($A13="Ítems agrupados por caso clínico o problema",$A13="Subítem de caso o problema",$A13="Emparejamiento Ampliado",$A13="Opción de Emparejamiento Ampliado"),TRIM($B13)=""),IF(COUNTIF($M13:$O13,"?*")>0,", ","")&"grupo","") | AO13: Estado Grupos | AP13: =IF(AND(AP9>=15,AP10>=30,AP11>=15,AP12>=60),"COMPLETA","REVISAR")
D14: =IF($A14="Verdadero o Falso Simple","Verdadero",IF($A14="Respuesta A/B/Ambas/Ninguna","A. Si la primera es verdadera",IF($A14="Verdadero o Falso Complejas","1. ",""))) | E14: =IF($A14="Verdadero o Falso Simple","Falso",IF($A14="Respuesta A/B/Ambas/Ninguna","B. Si la segunda es verdadera",IF($A14="Verdadero o Falso Complejas","2. ",""))) | F14: =IF($A14="Respuesta A/B/Ambas/Ninguna","C. Si ambas son verdaderas",IF($A14="Verdadero o Falso Complejas","3. ","")) | G14: =IF($A14="Respuesta A/B/Ambas/Ninguna","D. Si ninguna es verdadera",IF($A14="Verdadero o Falso Complejas","4. ","")) | H14: =IF($A14="Verdadero o Falso Simple","",IF($A14="Respuesta A/B/Ambas/Ninguna","",IF($A14="Verdadero o Falso Complejas","",""))) | J14: 1 | K14: 2P | L14: =IF(TRIM($A14)="","",IF(OR($A14="Selección de la mejor respuesta",$A14="SELECCION_MEJOR_RESPUESTA",$A14="Subítem de caso o problema",$A14="SUBITEM_CASO"),IF(TRIM($C14)="","Completar enunciado",IF(SUMPRODUCT(--(LEN(TRIM($D14:$H14&""))>0))<5,"Completar opciones A-E",IF(AND(TRIM($I14)<>"",OR(LEFT(TRIM($I14),1)="A",LEFT(TRIM($I14),1)="B",LEFT(TRIM($I14),1)="C",LEFT(TRIM($I14),1)="D",LEFT(TRIM($I14),1)="E")),"OK","Completar respuesta correcta A-E"))),IF(TRIM($A14)="","",IF(COUNTIF($Q14:$AJ14,"?*")=0,"OK","Falta revisar: "&$Q14&$R14&$S14&$T14&$U14&$V14&$W14&$X14&$Y14&$Z14&$AA14&$AB14&$AC14&$AD14&$AE14&$AF14&$AG14&$AH14&$AI14&$AJ14)))) | Q14: =IF(TRIM($C14)="","enunciado","") | R14: =IF(TRIM($K14)="",IF(COUNTIF($Q14:$Q14,"?*")>0,", ","")&"parcial","") | S14: =IF(AND(TRIM($K14)<>"",TRIM($K14)<>VALIDACIONES!$G$1),IF(COUNTIF($Q14:$R14,"?*")>0,", ","")&"parcial distinto a "&VALIDACIONES!$G$1,"") | T14: =IF(AND(OR($A14="Ítems agrupados por caso clínico o problema",$A14="Subítem de caso o problema",$A14="Emparejamiento Ampliado",$A14="Opción de Emparejamiento Ampliado"),TRIM($B14)=""),IF(COUNTIF($Q14:$S14,"?*")>0,", ","")&"grupo","") | U14: =IF(AND(OR($A14="Verdadero o Falso Simple",$A14="Respuesta A/B/Ambas/Ninguna",$A14="Verdadero o Falso Complejas",$A14="Selección de la mejor respuesta",$A14="Subítem de caso o problema",$A14="Opción de Emparejamiento Ampliado"),TRIM($I14)=""),IF(COUNTIF($Q14:$T14,"?*")>0,", ","")&"respuesta_correcta","") | V14: =IF(AND(OR($A14="Verdadero o Falso Simple",$A14="Respuesta A/B/Ambas/Ninguna",$A14="Verdadero o Falso Complejas",$A14="Selección de la mejor respuesta",$A14="Subítem de caso o problema",$A14="Opción de Emparejamiento Ampliado"),TRIM($J14)=""),IF(COUNTIF($Q14:$U14,"?*")>0,", ","")&"dificultad","") | W14: =IF(AND(OR($A14="Ítems agrupados por caso clínico o problema",$A14="Emparejamiento Ampliado"),TRIM($I14)<>""),IF(COUNTIF($Q14:$V14,"?*")>0,", ","")&"respuesta debe ir vacia","") | X14: =IF(AND(OR($A14="Ítems agrupados por caso clínico o problema",$A14="Emparejamiento Ampliado"),TRIM($J14)<>""),IF(COUNTIF($Q14:$W14,"?*")>0,", ","")&"dificultad debe ir vacia","") | Y14: =IF(AND($A14="Verdadero o Falso Simple",OR(COUNTIF($D14:$E14,"?*")<2,COUNTIF($F14:$H14,"?*")>0)),IF(COUNTIF($Q14:$X14,"?*")>0,", ","")&"incisos A-B","") | Z14: =IF(AND($A14="Verdadero o Falso Simple",TRIM($I14)<>"",NOT(OR(LEFT(TRIM($I14),1)="A",LEFT(TRIM($I14),1)="B"))),IF(COUNTIF($Q14:$Y14,"?*")>0,", ","")&"respuesta A-B","") | AA14: =IF(AND($A14="Respuesta A/B/Ambas/Ninguna",COUNTIF($D14:$G14,"?*")<4),IF(COUNTIF($Q14:$Z14,"?*")>0,", ","")&"opciones A-D","") | AB14: =IF(AND($A14="Respuesta A/B/Ambas/Ninguna",COUNTIF($H14:$H14,"?*")>0),IF(COUNTIF($Q14:$AA14,"?*")>0,", ","")&"opcion E deshabilitada","") | AC14: =IF(AND($A14="Respuesta A/B/Ambas/Ninguna",TRIM($I14)<>"",NOT(OR(LEFT(TRIM($I14),1)="A",LEFT(TRIM($I14),1)="B",LEFT(TRIM($I14),1)="C",LEFT(TRIM($I14),1)="D"))),IF(COUNTIF($Q14:$AB14,"?*")>0,", ","")&"respuesta A-D","") | AD14: =IF(AND($A14="Verdadero o Falso Complejas",OR(LEN(TRIM(SUBSTITUTE($D14,"1.","")))=0,LEN(TRIM(SUBSTITUTE($E14,"2.","")))=0,LEN(TRIM(SUBSTITUTE($F14,"3.","")))=0,LEN(TRIM(SUBSTITUTE($G14,"4.","")))=0)),IF(COUNTIF($Q14:$AC14,"?*")>0,", ","")&"incisos 1-4","") | AE14: =IF(AND($A14="Verdadero o Falso Complejas",COUNTIF($H14:$H14,"?*")>0),IF(COUNTIF($Q14:$AD14,"?*")>0,", ","")&"opcion E deshabilitada","") | AF14: =IF(AND($A14="Verdadero o Falso Complejas",TRIM($I14)<>"",NOT(OR(LEFT(TRIM($I14),1)="A",LEFT(TRIM($I14),1)="B",LEFT(TRIM($I14),1)="C",LEFT(TRIM($I14),1)="D",LEFT(TRIM($I14),1)="E"))),IF(COUNTIF($Q14:$AE14,"?*")>0,", ","")&"respuesta A-E","") | AG14: =IF(AND(OR($A14="Selección de la mejor respuesta",$A14="Subítem de caso o problema"),COUNTA($D14:$H14)<5),IF(COUNTIF($Q14:$AF14,"?*")>0,", ","")&"incisos A-E","") | AH14: =IF(AND(OR($A14="Selección de la mejor respuesta",$A14="Subítem de caso o problema"),TRIM($I14)<>"",NOT(OR(LEFT(TRIM($I14),1)="A",LEFT(TRIM($I14),1)="B",LEFT(TRIM($I14),1)="C",LEFT(TRIM($I14),1)="D",LEFT(TRIM($I14),1)="E"))),IF(COUNTIF($Q14:$AG14,"?*")>0,", ","")&"respuesta A-E","") | AI14: =IF(AND(OR($A14="Ítems agrupados por caso clínico o problema",$A14="Opción de Emparejamiento Ampliado"),COUNTIF($D14:$H14,"?*")>0),IF(COUNTIF($Q14:$AH14,"?*")>0,", ","")&"sin incisos","") | AJ14: =IF(AND($A14="Emparejamiento Ampliado",COUNTIF($D14:$H14,"?*")<2),IF(COUNTIF($Q14:$AI14,"?*")>0,", ","")&"minimo 2 claves","") | AK14: =IF(AND($A14="Opción de Emparejamiento Ampliado",NOT(OR(LEFT(TRIM($I14),1)="A",LEFT(TRIM($I14),1)="B",LEFT(TRIM($I14),1)="C",LEFT(TRIM($I14),1)="D",LEFT(TRIM($I14),1)="E"))),IF(COUNTIF($Q14:$AJ14,"?*")>0,", ","")&"respuesta A-E","") | AL14: =IF(TRIM($K14)="",IF(COUNTIF($M14:$M14,"?*")>0,", ","")&"parcial","") | AM14: =IF(AND(TRIM($K14)<>"",TRIM($K14)<>VALIDACIONES!$G$1),IF(COUNTIF($M14:$N14,"?*")>0,", ","")&"parcial distinto a "&VALIDACIONES!$G$1,"") | AN14: =IF(AND(OR($A14="Ítems agrupados por caso clínico o problema",$A14="Subítem de caso o problema",$A14="Emparejamiento Ampliado",$A14="Opción de Emparejamiento Ampliado"),TRIM($B14)=""),IF(COUNTIF($M14:$O14,"?*")>0,", ","")&"grupo","") | AO14: Estado General | AP14: =IF(AND(AP6="COMPLETA",AP13="COMPLETA"),"APROBADO","REVISAR")
D15: =IF($A15="Verdadero o Falso Simple","Verdadero",IF($A15="Respuesta A/B/Ambas/Ninguna","A. Si la primera es verdadera",IF($A15="Verdadero o Falso Complejas","1. ",""))) | E15: =IF($A15="Verdadero o Falso Simple","Falso",IF($A15="Respuesta A/B/Ambas/Ninguna","B. Si la segunda es verdadera",IF($A15="Verdadero o Falso Complejas","2. ",""))) | F15: =IF($A15="Respuesta A/B/Ambas/Ninguna","C. Si ambas son verdaderas",IF($A15="Verdadero o Falso Complejas","3. ","")) | G15: =IF($A15="Respuesta A/B/Ambas/Ninguna","D. Si ninguna es verdadera",IF($A15="Verdadero o Falso Complejas","4. ","")) | H15: =IF($A15="Verdadero o Falso Simple","",IF($A15="Respuesta A/B/Ambas/Ninguna","",IF($A15="Verdadero o Falso Complejas","",""))) | J15: 1 | K15: 2P | L15: =IF(TRIM($A15)="","",IF(OR($A15="Selección de la mejor respuesta",$A15="SELECCION_MEJOR_RESPUESTA",$A15="Subítem de caso o problema",$A15="SUBITEM_CASO"),IF(TRIM($C15)="","Completar enunciado",IF(SUMPRODUCT(--(LEN(TRIM($D15:$H15&""))>0))<5,"Completar opciones A-E",IF(AND(TRIM($I15)<>"",OR(LEFT(TRIM($I15),1)="A",LEFT(TRIM($I15),1)="B",LEFT(TRIM($I15),1)="C",LEFT(TRIM($I15),1)="D",LEFT(TRIM($I15),1)="E")),"OK","Completar respuesta correcta A-E"))),IF(TRIM($A15)="","",IF(COUNTIF($Q15:$AJ15,"?*")=0,"OK","Falta revisar: "&$Q15&$R15&$S15&$T15&$U15&$V15&$W15&$X15&$Y15&$Z15&$AA15&$AB15&$AC15&$AD15&$AE15&$AF15&$AG15&$AH15&$AI15&$AJ15)))) | Q15: =IF(TRIM($C15)="","enunciado","") | R15: =IF(TRIM($K15)="",IF(COUNTIF($Q15:$Q15,"?*")>0,", ","")&"parcial","") | S15: =IF(AND(TRIM($K15)<>"",TRIM($K15)<>VALIDACIONES!$G$1),IF(COUNTIF($Q15:$R15,"?*")>0,", ","")&"parcial distinto a "&VALIDACIONES!$G$1,"") | T15: =IF(AND(OR($A15="Ítems agrupados por caso clínico o problema",$A15="Subítem de caso o problema",$A15="Emparejamiento Ampliado",$A15="Opción de Emparejamiento Ampliado"),TRIM($B15)=""),IF(COUNTIF($Q15:$S15,"?*")>0,", ","")&"grupo","") | U15: =IF(AND(OR($A15="Verdadero o Falso Simple",$A15="Respuesta A/B/Ambas/Ninguna",$A15="Verdadero o Falso Complejas",$A15="Selección de la mejor respuesta",$A15="Subítem de caso o problema",$A15="Opción de Emparejamiento Ampliado"),TRIM($I15)=""),IF(COUNTIF($Q15:$T15,"?*")>0,", ","")&"respuesta_correcta","") | V15: =IF(AND(OR($A15="Verdadero o Falso Simple",$A15="Respuesta A/B/Ambas/Ninguna",$A15="Verdadero o Falso Complejas",$A15="Selección de la mejor respuesta",$A15="Subítem de caso o problema",$A15="Opción de Emparejamiento Ampliado"),TRIM($J15)=""),IF(COUNTIF($Q15:$U15,"?*")>0,", ","")&"dificultad","") | W15: =IF(AND(OR($A15="Ítems agrupados por caso clínico o problema",$A15="Emparejamiento Ampliado"),TRIM($I15)<>""),IF(COUNTIF($Q15:$V15,"?*")>0,", ","")&"respuesta debe ir vacia","") | X15: =IF(AND(OR($A15="Ítems agrupados por caso clínico o problema",$A15="Emparejamiento Ampliado"),TRIM($J15)<>""),IF(COUNTIF($Q15:$W15,"?*")>0,", ","")&"dificultad debe ir vacia","") | Y15: =IF(AND($A15="Verdadero o Falso Simple",OR(COUNTIF($D15:$E15,"?*")<2,COUNTIF($F15:$H15,"?*")>0)),IF(COUNTIF($Q15:$X15,"?*")>0,", ","")&"incisos A-B","") | Z15: =IF(AND($A15="Verdadero o Falso Simple",TRIM($I15)<>"",NOT(OR(LEFT(TRIM($I15),1)="A",LEFT(TRIM($I15),1)="B"))),IF(COUNTIF($Q15:$Y15,"?*")>0,", ","")&"respuesta A-B","") | AA15: =IF(AND($A15="Respuesta A/B/Ambas/Ninguna",COUNTIF($D15:$G15,"?*")<4),IF(COUNTIF($Q15:$Z15,"?*")>0,", ","")&"opciones A-D","") | AB15: =IF(AND($A15="Respuesta A/B/Ambas/Ninguna",COUNTIF($H15:$H15,"?*")>0),IF(COUNTIF($Q15:$AA15,"?*")>0,", ","")&"opcion E deshabilitada","") | AC15: =IF(AND($A15="Respuesta A/B/Ambas/Ninguna",TRIM($I15)<>"",NOT(OR(LEFT(TRIM($I15),1)="A",LEFT(TRIM($I15),1)="B",LEFT(TRIM($I15),1)="C",LEFT(TRIM($I15),1)="D"))),IF(COUNTIF($Q15:$AB15,"?*")>0,", ","")&"respuesta A-D","") | AD15: =IF(AND($A15="Verdadero o Falso Complejas",OR(LEN(TRIM(SUBSTITUTE($D15,"1.","")))=0,LEN(TRIM(SUBSTITUTE($E15,"2.","")))=0,LEN(TRIM(SUBSTITUTE($F15,"3.","")))=0,LEN(TRIM(SUBSTITUTE($G15,"4.","")))=0)),IF(COUNTIF($Q15:$AC15,"?*")>0,", ","")&"incisos 1-4","") | AE15: =IF(AND($A15="Verdadero o Falso Complejas",COUNTIF($H15:$H15,"?*")>0),IF(COUNTIF($Q15:$AD15,"?*")>0,", ","")&"opcion E deshabilitada","") | AF15: =IF(AND($A15="Verdadero o Falso Complejas",TRIM($I15)<>"",NOT(OR(LEFT(TRIM($I15),1)="A",LEFT(TRIM($I15),1)="B",LEFT(TRIM($I15),1)="C",LEFT(TRIM($I15),1)="D",LEFT(TRIM($I15),1)="E"))),IF(COUNTIF($Q15:$AE15,"?*")>0,", ","")&"respuesta A-E","") | AG15: =IF(AND(OR($A15="Selección de la mejor respuesta",$A15="Subítem de caso o problema"),COUNTA($D15:$H15)<5),IF(COUNTIF($Q15:$AF15,"?*")>0,", ","")&"incisos A-E","") | AH15: =IF(AND(OR($A15="Selección de la mejor respuesta",$A15="Subítem de caso o problema"),TRIM($I15)<>"",NOT(OR(LEFT(TRIM($I15),1)="A",LEFT(TRIM($I15),1)="B",LEFT(TRIM($I15),1)="C",LEFT(TRIM($I15),1)="D",LEFT(TRIM($I15),1)="E"))),IF(COUNTIF($Q15:$AG15,"?*")>0,", ","")&"respuesta A-E","") | AI15: =IF(AND(OR($A15="Ítems agrupados por caso clínico o problema",$A15="Opción de Emparejamiento Ampliado"),COUNTIF($D15:$H15,"?*")>0),IF(COUNTIF($Q15:$AH15,"?*")>0,", ","")&"sin incisos","") | AJ15: =IF(AND($A15="Emparejamiento Ampliado",COUNTIF($D15:$H15,"?*")<2),IF(COUNTIF($Q15:$AI15,"?*")>0,", ","")&"minimo 2 claves","") | AK15: =IF(AND($A15="Opción de Emparejamiento Ampliado",NOT(OR(LEFT(TRIM($I15),1)="A",LEFT(TRIM($I15),1)="B",LEFT(TRIM($I15),1)="C",LEFT(TRIM($I15),1)="D",LEFT(TRIM($I15),1)="E"))),IF(COUNTIF($Q15:$AJ15,"?*")>0,", ","")&"respuesta A-E","") | AL15: =IF(TRIM($K15)="",IF(COUNTIF($M15:$M15,"?*")>0,", ","")&"parcial","") | AM15: =IF(AND(TRIM($K15)<>"",TRIM($K15)<>VALIDACIONES!$G$1),IF(COUNTIF($M15:$N15,"?*")>0,", ","")&"parcial distinto a "&VALIDACIONES!$G$1,"") | AN15: =IF(AND(OR($A15="Ítems agrupados por caso clínico o problema",$A15="Subítem de caso o problema",$A15="Emparejamiento Ampliado",$A15="Opción de Emparejamiento Ampliado"),TRIM($B15)=""),IF(COUNTIF($M15:$O15,"?*")>0,", ","")&"grupo","")
D16: =IF($A16="Verdadero o Falso Simple","Verdadero",IF($A16="Respuesta A/B/Ambas/Ninguna","A. Si la primera es verdadera",IF($A16="Verdadero o Falso Complejas","1. ",""))) | E16: =IF($A16="Verdadero o Falso Simple","Falso",IF($A16="Respuesta A/B/Ambas/Ninguna","B. Si la segunda es verdadera",IF($A16="Verdadero o Falso Complejas","2. ",""))) | F16: =IF($A16="Respuesta A/B/Ambas/Ninguna","C. Si ambas son verdaderas",IF($A16="Verdadero o Falso Complejas","3. ","")) | G16: =IF($A16="Respuesta A/B/Ambas/Ninguna","D. Si ninguna es verdadera",IF($A16="Verdadero o Falso Complejas","4. ","")) | H16: =IF($A16="Verdadero o Falso Simple","",IF($A16="Respuesta A/B/Ambas/Ninguna","",IF($A16="Verdadero o Falso Complejas","",""))) | J16: 1 | K16: 2P | L16: =IF(TRIM($A16)="","",IF(OR($A16="Selección de la mejor respuesta",$A16="SELECCION_MEJOR_RESPUESTA",$A16="Subítem de caso o problema",$A16="SUBITEM_CASO"),IF(TRIM($C16)="","Completar enunciado",IF(SUMPRODUCT(--(LEN(TRIM($D16:$H16&""))>0))<5,"Completar opciones A-E",IF(AND(TRIM($I16)<>"",OR(LEFT(TRIM($I16),1)="A",LEFT(TRIM($I16),1)="B",LEFT(TRIM($I16),1)="C",LEFT(TRIM($I16),1)="D",LEFT(TRIM($I16),1)="E")),"OK","Completar respuesta correcta A-E"))),IF(TRIM($A16)="","",IF(COUNTIF($Q16:$AJ16,"?*")=0,"OK","Falta revisar: "&$Q16&$R16&$S16&$T16&$U16&$V16&$W16&$X16&$Y16&$Z16&$AA16&$AB16&$AC16&$AD16&$AE16&$AF16&$AG16&$AH16&$AI16&$AJ16)))) | Q16: =IF(TRIM($C16)="","enunciado","") | R16: =IF(TRIM($K16)="",IF(COUNTIF($Q16:$Q16,"?*")>0,", ","")&"parcial","") | S16: =IF(AND(TRIM($K16)<>"",TRIM($K16)<>VALIDACIONES!$G$1),IF(COUNTIF($Q16:$R16,"?*")>0,", ","")&"parcial distinto a "&VALIDACIONES!$G$1,"") | T16: =IF(AND(OR($A16="Ítems agrupados por caso clínico o problema",$A16="Subítem de caso o problema",$A16="Emparejamiento Ampliado",$A16="Opción de Emparejamiento Ampliado"),TRIM($B16)=""),IF(COUNTIF($Q16:$S16,"?*")>0,", ","")&"grupo","") | U16: =IF(AND(OR($A16="Verdadero o Falso Simple",$A16="Respuesta A/B/Ambas/Ninguna",$A16="Verdadero o Falso Complejas",$A16="Selección de la mejor respuesta",$A16="Subítem de caso o problema",$A16="Opción de Emparejamiento Ampliado"),TRIM($I16)=""),IF(COUNTIF($Q16:$T16,"?*")>0,", ","")&"respuesta_correcta","") | V16: =IF(AND(OR($A16="Verdadero o Falso Simple",$A16="Respuesta A/B/Ambas/Ninguna",$A16="Verdadero o Falso Complejas",$A16="Selección de la mejor respuesta",$A16="Subítem de caso o problema",$A16="Opción de Emparejamiento Ampliado"),TRIM($J16)=""),IF(COUNTIF($Q16:$U16,"?*")>0,", ","")&"dificultad","") | W16: =IF(AND(OR($A16="Ítems agrupados por caso clínico o problema",$A16="Emparejamiento Ampliado"),TRIM($I16)<>""),IF(COUNTIF($Q16:$V16,"?*")>0,", ","")&"respuesta debe ir vacia","") | X16: =IF(AND(OR($A16="Ítems agrupados por caso clínico o problema",$A16="Emparejamiento Ampliado"),TRIM($J16)<>""),IF(COUNTIF($Q16:$W16,"?*")>0,", ","")&"dificultad debe ir vacia","") | Y16: =IF(AND($A16="Verdadero o Falso Simple",OR(COUNTIF($D16:$E16,"?*")<2,COUNTIF($F16:$H16,"?*")>0)),IF(COUNTIF($Q16:$X16,"?*")>0,", ","")&"incisos A-B","") | Z16: =IF(AND($A16="Verdadero o Falso Simple",TRIM($I16)<>"",NOT(OR(LEFT(TRIM($I16),1)="A",LEFT(TRIM($I16),1)="B"))),IF(COUNTIF($Q16:$Y16,"?*")>0,", ","")&"respuesta A-B","") | AA16: =IF(AND($A16="Respuesta A/B/Ambas/Ninguna",COUNTIF($D16:$G16,"?*")<4),IF(COUNTIF($Q16:$Z16,"?*")>0,", ","")&"opciones A-D","") | AB16: =IF(AND($A16="Respuesta A/B/Ambas/Ninguna",COUNTIF($H16:$H16,"?*")>0),IF(COUNTIF($Q16:$AA16,"?*")>0,", ","")&"opcion E deshabilitada","") | AC16: =IF(AND($A16="Respuesta A/B/Ambas/Ninguna",TRIM($I16)<>"",NOT(OR(LEFT(TRIM($I16),1)="A",LEFT(TRIM($I16),1)="B",LEFT(TRIM($I16),1)="C",LEFT(TRIM($I16),1)="D"))),IF(COUNTIF($Q16:$AB16,"?*")>0,", ","")&"respuesta A-D","") | AD16: =IF(AND($A16="Verdadero o Falso Complejas",OR(LEN(TRIM(SUBSTITUTE($D16,"1.","")))=0,LEN(TRIM(SUBSTITUTE($E16,"2.","")))=0,LEN(TRIM(SUBSTITUTE($F16,"3.","")))=0,LEN(TRIM(SUBSTITUTE($G16,"4.","")))=0)),IF(COUNTIF($Q16:$AC16,"?*")>0,", ","")&"incisos 1-4","") | AE16: =IF(AND($A16="Verdadero o Falso Complejas",COUNTIF($H16:$H16,"?*")>0),IF(COUNTIF($Q16:$AD16,"?*")>0,", ","")&"opcion E deshabilitada","") | AF16: =IF(AND($A16="Verdadero o Falso Complejas",TRIM($I16)<>"",NOT(OR(LEFT(TRIM($I16),1)="A",LEFT(TRIM($I16),1)="B",LEFT(TRIM($I16),1)="C",LEFT(TRIM($I16),1)="D",LEFT(TRIM($I16),1)="E"))),IF(COUNTIF($Q16:$AE16,"?*")>0,", ","")&"respuesta A-E","") | AG16: =IF(AND(OR($A16="Selección de la mejor respuesta",$A16="Subítem de caso o problema"),COUNTA($D16:$H16)<5),IF(COUNTIF($Q16:$AF16,"?*")>0,", ","")&"incisos A-E","") | AH16: =IF(AND(OR($A16="Selección de la mejor respuesta",$A16="Subítem de caso o problema"),TRIM($I16)<>"",NOT(OR(LEFT(TRIM($I16),1)="A",LEFT(TRIM($I16),1)="B",LEFT(TRIM($I16),1)="C",LEFT(TRIM($I16),1)="D",LEFT(TRIM($I16),1)="E"))),IF(COUNTIF($Q16:$AG16,"?*")>0,", ","")&"respuesta A-E","") | AI16: =IF(AND(OR($A16="Ítems agrupados por caso clínico o problema",$A16="Opción de Emparejamiento Ampliado"),COUNTIF($D16:$H16,"?*")>0),IF(COUNTIF($Q16:$AH16,"?*")>0,", ","")&"sin incisos","") | AJ16: =IF(AND($A16="Emparejamiento Ampliado",COUNTIF($D16:$H16,"?*")<2),IF(COUNTIF($Q16:$AI16,"?*")>0,", ","")&"minimo 2 claves","") | AK16: =IF(AND($A16="Opción de Emparejamiento Ampliado",NOT(OR(LEFT(TRIM($I16),1)="A",LEFT(TRIM($I16),1)="B",LEFT(TRIM($I16),1)="C",LEFT(TRIM($I16),1)="D",LEFT(TRIM($I16),1)="E"))),IF(COUNTIF($Q16:$AJ16,"?*")>0,", ","")&"respuesta A-E","") | AL16: =IF(TRIM($K16)="",IF(COUNTIF($M16:$M16,"?*")>0,", ","")&"parcial","") | AM16: =IF(AND(TRIM($K16)<>"",TRIM($K16)<>VALIDACIONES!$G$1),IF(COUNTIF($M16:$N16,"?*")>0,", ","")&"parcial distinto a "&VALIDACIONES!$G$1,"") | AN16: =IF(AND(OR($A16="Ítems agrupados por caso clínico o problema",$A16="Subítem de caso o problema",$A16="Emparejamiento Ampliado",$A16="Opción de Emparejamiento Ampliado"),TRIM($B16)=""),IF(COUNTIF($M16:$O16,"?*")>0,", ","")&"grupo","")
D17: =IF($A17="Verdadero o Falso Simple","Verdadero",IF($A17="Respuesta A/B/Ambas/Ninguna","A. Si la primera es verdadera",IF($A17="Verdadero o Falso Complejas","1. ",""))) | E17: =IF($A17="Verdadero o Falso Simple","Falso",IF($A17="Respuesta A/B/Ambas/Ninguna","B. Si la segunda es verdadera",IF($A17="Verdadero o Falso Complejas","2. ",""))) | F17: =IF($A17="Respuesta A/B/Ambas/Ninguna","C. Si ambas son verdaderas",IF($A17="Verdadero o Falso Complejas","3. ","")) | G17: =IF($A17="Respuesta A/B/Ambas/Ninguna","D. Si ninguna es verdadera",IF($A17="Verdadero o Falso Complejas","4. ","")) | H17: =IF($A17="Verdadero o Falso Simple","",IF($A17="Respuesta A/B/Ambas/Ninguna","",IF($A17="Verdadero o Falso Complejas","",""))) | J17: 2 | K17: 2P | L17: =IF(TRIM($A17)="","",IF(OR($A17="Selección de la mejor respuesta",$A17="SELECCION_MEJOR_RESPUESTA",$A17="Subítem de caso o problema",$A17="SUBITEM_CASO"),IF(TRIM($C17)="","Completar enunciado",IF(SUMPRODUCT(--(LEN(TRIM($D17:$H17&""))>0))<5,"Completar opciones A-E",IF(AND(TRIM($I17)<>"",OR(LEFT(TRIM($I17),1)="A",LEFT(TRIM($I17),1)="B",LEFT(TRIM($I17),1)="C",LEFT(TRIM($I17),1)="D",LEFT(TRIM($I17),1)="E")),"OK","Completar respuesta correcta A-E"))),IF(TRIM($A17)="","",IF(COUNTIF($Q17:$AJ17,"?*")=0,"OK","Falta revisar: "&$Q17&$R17&$S17&$T17&$U17&$V17&$W17&$X17&$Y17&$Z17&$AA17&$AB17&$AC17&$AD17&$AE17&$AF17&$AG17&$AH17&$AI17&$AJ17)))) | Q17: =IF(TRIM($C17)="","enunciado","") | R17: =IF(TRIM($K17)="",IF(COUNTIF($Q17:$Q17,"?*")>0,", ","")&"parcial","") | S17: =IF(AND(TRIM($K17)<>"",TRIM($K17)<>VALIDACIONES!$G$1),IF(COUNTIF($Q17:$R17,"?*")>0,", ","")&"parcial distinto a "&VALIDACIONES!$G$1,"") | T17: =IF(AND(OR($A17="Ítems agrupados por caso clínico o problema",$A17="Subítem de caso o problema",$A17="Emparejamiento Ampliado",$A17="Opción de Emparejamiento Ampliado"),TRIM($B17)=""),IF(COUNTIF($Q17:$S17,"?*")>0,", ","")&"grupo","") | U17: =IF(AND(OR($A17="Verdadero o Falso Simple",$A17="Respuesta A/B/Ambas/Ninguna",$A17="Verdadero o Falso Complejas",$A17="Selección de la mejor respuesta",$A17="Subítem de caso o problema",$A17="Opción de Emparejamiento Ampliado"),TRIM($I17)=""),IF(COUNTIF($Q17:$T17,"?*")>0,", ","")&"respuesta_correcta","") | V17: =IF(AND(OR($A17="Verdadero o Falso Simple",$A17="Respuesta A/B/Ambas/Ninguna",$A17="Verdadero o Falso Complejas",$A17="Selección de la mejor respuesta",$A17="Subítem de caso o problema",$A17="Opción de Emparejamiento Ampliado"),TRIM($J17)=""),IF(COUNTIF($Q17:$U17,"?*")>0,", ","")&"dificultad","") | W17: =IF(AND(OR($A17="Ítems agrupados por caso clínico o problema",$A17="Emparejamiento Ampliado"),TRIM($I17)<>""),IF(COUNTIF($Q17:$V17,"?*")>0,", ","")&"respuesta debe ir vacia","") | X17: =IF(AND(OR($A17="Ítems agrupados por caso clínico o problema",$A17="Emparejamiento Ampliado"),TRIM($J17)<>""),IF(COUNTIF($Q17:$W17,"?*")>0,", ","")&"dificultad debe ir vacia","") | Y17: =IF(AND($A17="Verdadero o Falso Simple",OR(COUNTIF($D17:$E17,"?*")<2,COUNTIF($F17:$H17,"?*")>0)),IF(COUNTIF($Q17:$X17,"?*")>0,", ","")&"incisos A-B","") | Z17: =IF(AND($A17="Verdadero o Falso Simple",TRIM($I17)<>"",NOT(OR(LEFT(TRIM($I17),1)="A",LEFT(TRIM($I17),1)="B"))),IF(COUNTIF($Q17:$Y17,"?*")>0,", ","")&"respuesta A-B","") | AA17: =IF(AND($A17="Respuesta A/B/Ambas/Ninguna",COUNTIF($D17:$G17,"?*")<4),IF(COUNTIF($Q17:$Z17,"?*")>0,", ","")&"opciones A-D","") | AB17: =IF(AND($A17="Respuesta A/B/Ambas/Ninguna",COUNTIF($H17:$H17,"?*")>0),IF(COUNTIF($Q17:$AA17,"?*")>0,", ","")&"opcion E deshabilitada","") | AC17: =IF(AND($A17="Respuesta A/B/Ambas/Ninguna",TRIM($I17)<>"",NOT(OR(LEFT(TRIM($I17),1)="A",LEFT(TRIM($I17),1)="B",LEFT(TRIM($I17),1)="C",LEFT(TRIM($I17),1)="D"))),IF(COUNTIF($Q17:$AB17,"?*")>0,", ","")&"respuesta A-D","") | AD17: =IF(AND($A17="Verdadero o Falso Complejas",OR(LEN(TRIM(SUBSTITUTE($D17,"1.","")))=0,LEN(TRIM(SUBSTITUTE($E17,"2.","")))=0,LEN(TRIM(SUBSTITUTE($F17,"3.","")))=0,LEN(TRIM(SUBSTITUTE($G17,"4.","")))=0)),IF(COUNTIF($Q17:$AC17,"?*")>0,", ","")&"incisos 1-4","") | AE17: =IF(AND($A17="Verdadero o Falso Complejas",COUNTIF($H17:$H17,"?*")>0),IF(COUNTIF($Q17:$AD17,"?*")>0,", ","")&"opcion E deshabilitada","") | AF17: =IF(AND($A17="Verdadero o Falso Complejas",TRIM($I17)<>"",NOT(OR(LEFT(TRIM($I17),1)="A",LEFT(TRIM($I17),1)="B",LEFT(TRIM($I17),1)="C",LEFT(TRIM($I17),1)="D",LEFT(TRIM($I17),1)="E"))),IF(COUNTIF($Q17:$AE17,"?*")>0,", ","")&"respuesta A-E","") | AG17: =IF(AND(OR($A17="Selección de la mejor respuesta",$A17="Subítem de caso o problema"),COUNTA($D17:$H17)<5),IF(COUNTIF($Q17:$AF17,"?*")>0,", ","")&"incisos A-E","") | AH17: =IF(AND(OR($A17="Selección de la mejor respuesta",$A17="Subítem de caso o problema"),TRIM($I17)<>"",NOT(OR(LEFT(TRIM($I17),1)="A",LEFT(TRIM($I17),1)="B",LEFT(TRIM($I17),1)="C",LEFT(TRIM($I17),1)="D",LEFT(TRIM($I17),1)="E"))),IF(COUNTIF($Q17:$AG17,"?*")>0,", ","")&"respuesta A-E","") | AI17: =IF(AND(OR($A17="Ítems agrupados por caso clínico o problema",$A17="Opción de Emparejamiento Ampliado"),COUNTIF($D17:$H17,"?*")>0),IF(COUNTIF($Q17:$AH17,"?*")>0,", ","")&"sin incisos","") | AJ17: =IF(AND($A17="Emparejamiento Ampliado",COUNTIF($D17:$H17,"?*")<2),IF(COUNTIF($Q17:$AI17,"?*")>0,", ","")&"minimo 2 claves","") | AK17: =IF(AND($A17="Opción de Emparejamiento Ampliado",NOT(OR(LEFT(TRIM($I17),1)="A",LEFT(TRIM($I17),1)="B",LEFT(TRIM($I17),1)="C",LEFT(TRIM($I17),1)="D",LEFT(TRIM($I17),1)="E"))),IF(COUNTIF($Q17:$AJ17,"?*")>0,", ","")&"respuesta A-E","") | AL17: =IF(TRIM($K17)="",IF(COUNTIF($M17:$M17,"?*")>0,", ","")&"parcial","") | AM17: =IF(AND(TRIM($K17)<>"",TRIM($K17)<>VALIDACIONES!$G$1),IF(COUNTIF($M17:$N17,"?*")>0,", ","")&"parcial distinto a "&VALIDACIONES!$G$1,"") | AN17: =IF(AND(OR($A17="Ítems agrupados por caso clínico o problema",$A17="Subítem de caso o problema",$A17="Emparejamiento Ampliado",$A17="Opción de Emparejamiento Ampliado"),TRIM($B17)=""),IF(COUNTIF($M17:$O17,"?*")>0,", ","")&"grupo","")
D18: =IF($A18="Verdadero o Falso Simple","Verdadero",IF($A18="Respuesta A/B/Ambas/Ninguna","A. Si la primera es verdadera",IF($A18="Verdadero o Falso Complejas","1. ",""))) | E18: =IF($A18="Verdadero o Falso Simple","Falso",IF($A18="Respuesta A/B/Ambas/Ninguna","B. Si la segunda es verdadera",IF($A18="Verdadero o Falso Complejas","2. ",""))) | F18: =IF($A18="Respuesta A/B/Ambas/Ninguna","C. Si ambas son verdaderas",IF($A18="Verdadero o Falso Complejas","3. ","")) | G18: =IF($A18="Respuesta A/B/Ambas/Ninguna","D. Si ninguna es verdadera",IF($A18="Verdadero o Falso Complejas","4. ","")) | H18: =IF($A18="Verdadero o Falso Simple","",IF($A18="Respuesta A/B/Ambas/Ninguna","",IF($A18="Verdadero o Falso Complejas","",""))) | J18: 2 | K18: 2P | L18: =IF(TRIM($A18)="","",IF(OR($A18="Selección de la mejor respuesta",$A18="SELECCION_MEJOR_RESPUESTA",$A18="Subítem de caso o problema",$A18="SUBITEM_CASO"),IF(TRIM($C18)="","Completar enunciado",IF(SUMPRODUCT(--(LEN(TRIM($D18:$H18&""))>0))<5,"Completar opciones A-E",IF(AND(TRIM($I18)<>"",OR(LEFT(TRIM($I18),1)="A",LEFT(TRIM($I18),1)="B",LEFT(TRIM($I18),1)="C",LEFT(TRIM($I18),1)="D",LEFT(TRIM($I18),1)="E")),"OK","Completar respuesta correcta A-E"))),IF(TRIM($A18)="","",IF(COUNTIF($Q18:$AJ18,"?*")=0,"OK","Falta revisar: "&$Q18&$R18&$S18&$T18&$U18&$V18&$W18&$X18&$Y18&$Z18&$AA18&$AB18&$AC18&$AD18&$AE18&$AF18&$AG18&$AH18&$AI18&$AJ18)))) | Q18: =IF(TRIM($C18)="","enunciado","") | R18: =IF(TRIM($K18)="",IF(COUNTIF($Q18:$Q18,"?*")>0,", ","")&"parcial","") | S18: =IF(AND(TRIM($K18)<>"",TRIM($K18)<>VALIDACIONES!$G$1),IF(COUNTIF($Q18:$R18,"?*")>0,", ","")&"parcial distinto a "&VALIDACIONES!$G$1,"") | T18: =IF(AND(OR($A18="Ítems agrupados por caso clínico o problema",$A18="Subítem de caso o problema",$A18="Emparejamiento Ampliado",$A18="Opción de Emparejamiento Ampliado"),TRIM($B18)=""),IF(COUNTIF($Q18:$S18,"?*")>0,", ","")&"grupo","") | U18: =IF(AND(OR($A18="Verdadero o Falso Simple",$A18="Respuesta A/B/Ambas/Ninguna",$A18="Verdadero o Falso Complejas",$A18="Selección de la mejor respuesta",$A18="Subítem de caso o problema",$A18="Opción de Emparejamiento Ampliado"),TRIM($I18)=""),IF(COUNTIF($Q18:$T18,"?*")>0,", ","")&"respuesta_correcta","") | V18: =IF(AND(OR($A18="Verdadero o Falso Simple",$A18="Respuesta A/B/Ambas/Ninguna",$A18="Verdadero o Falso Complejas",$A18="Selección de la mejor respuesta",$A18="Subítem de caso o problema",$A18="Opción de Emparejamiento Ampliado"),TRIM($J18)=""),IF(COUNTIF($Q18:$U18,"?*")>0,", ","")&"dificultad","") | W18: =IF(AND(OR($A18="Ítems agrupados por caso clínico o problema",$A18="Emparejamiento Ampliado"),TRIM($I18)<>""),IF(COUNTIF($Q18:$V18,"?*")>0,", ","")&"respuesta debe ir vacia","") | X18: =IF(AND(OR($A18="Ítems agrupados por caso clínico o problema",$A18="Emparejamiento Ampliado"),TRIM($J18)<>""),IF(COUNTIF($Q18:$W18,"?*")>0,", ","")&"dificultad debe ir vacia","") | Y18: =IF(AND($A18="Verdadero o Falso Simple",OR(COUNTIF($D18:$E18,"?*")<2,COUNTIF($F18:$H18,"?*")>0)),IF(COUNTIF($Q18:$X18,"?*")>0,", ","")&"incisos A-B","") | Z18: =IF(AND($A18="Verdadero o Falso Simple",TRIM($I18)<>"",NOT(OR(LEFT(TRIM($I18),1)="A",LEFT(TRIM($I18),1)="B"))),IF(COUNTIF($Q18:$Y18,"?*")>0,", ","")&"respuesta A-B","") | AA18: =IF(AND($A18="Respuesta A/B/Ambas/Ninguna",COUNTIF($D18:$G18,"?*")<4),IF(COUNTIF($Q18:$Z18,"?*")>0,", ","")&"opciones A-D","") | AB18: =IF(AND($A18="Respuesta A/B/Ambas/Ninguna",COUNTIF($H18:$H18,"?*")>0),IF(COUNTIF($Q18:$AA18,"?*")>0,", ","")&"opcion E deshabilitada","") | AC18: =IF(AND($A18="Respuesta A/B/Ambas/Ninguna",TRIM($I18)<>"",NOT(OR(LEFT(TRIM($I18),1)="A",LEFT(TRIM($I18),1)="B",LEFT(TRIM($I18),1)="C",LEFT(TRIM($I18),1)="D"))),IF(COUNTIF($Q18:$AB18,"?*")>0,", ","")&"respuesta A-D","") | AD18: =IF(AND($A18="Verdadero o Falso Complejas",OR(LEN(TRIM(SUBSTITUTE($D18,"1.","")))=0,LEN(TRIM(SUBSTITUTE($E18,"2.","")))=0,LEN(TRIM(SUBSTITUTE($F18,"3.","")))=0,LEN(TRIM(SUBSTITUTE($G18,"4.","")))=0)),IF(COUNTIF($Q18:$AC18,"?*")>0,", ","")&"incisos 1-4","") | AE18: =IF(AND($A18="Verdadero o Falso Complejas",COUNTIF($H18:$H18,"?*")>0),IF(COUNTIF($Q18:$AD18,"?*")>0,", ","")&"opcion E deshabilitada","") | AF18: =IF(AND($A18="Verdadero o Falso Complejas",TRIM($I18)<>"",NOT(OR(LEFT(TRIM($I18),1)="A",LEFT(TRIM($I18),1)="B",LEFT(TRIM($I18),1)="C",LEFT(TRIM($I18),1)="D",LEFT(TRIM($I18),1)="E"))),IF(COUNTIF($Q18:$AE18,"?*")>0,", ","")&"respuesta A-E","") | AG18: =IF(AND(OR($A18="Selección de la mejor respuesta",$A18="Subítem de caso o problema"),COUNTA($D18:$H18)<5),IF(COUNTIF($Q18:$AF18,"?*")>0,", ","")&"incisos A-E","") | AH18: =IF(AND(OR($A18="Selección de la mejor respuesta",$A18="Subítem de caso o problema"),TRIM($I18)<>"",NOT(OR(LEFT(TRIM($I18),1)="A",LEFT(TRIM($I18),1)="B",LEFT(TRIM($I18),1)="C",LEFT(TRIM($I18),1)="D",LEFT(TRIM($I18),1)="E"))),IF(COUNTIF($Q18:$AG18,"?*")>0,", ","")&"respuesta A-E","") | AI18: =IF(AND(OR($A18="Ítems agrupados por caso clínico o problema",$A18="Opción de Emparejamiento Ampliado"),COUNTIF($D18:$H18,"?*")>0),IF(COUNTIF($Q18:$AH18,"?*")>0,", ","")&"sin incisos","") | AJ18: =IF(AND($A18="Emparejamiento Ampliado",COUNTIF($D18:$H18,"?*")<2),IF(COUNTIF($Q18:$AI18,"?*")>0,", ","")&"minimo 2 claves","") | AK18: =IF(AND($A18="Opción de Emparejamiento Ampliado",NOT(OR(LEFT(TRIM($I18),1)="A",LEFT(TRIM($I18),1)="B",LEFT(TRIM($I18),1)="C",LEFT(TRIM($I18),1)="D",LEFT(TRIM($I18),1)="E"))),IF(COUNTIF($Q18:$AJ18,"?*")>0,", ","")&"respuesta A-E","") | AL18: =IF(TRIM($K18)="",IF(COUNTIF($M18:$M18,"?*")>0,", ","")&"parcial","") | AM18: =IF(AND(TRIM($K18)<>"",TRIM($K18)<>VALIDACIONES!$G$1),IF(COUNTIF($M18:$N18,"?*")>0,", ","")&"parcial distinto a "&VALIDACIONES!$G$1,"") | AN18: =IF(AND(OR($A18="Ítems agrupados por caso clínico o problema",$A18="Subítem de caso o problema",$A18="Emparejamiento Ampliado",$A18="Opción de Emparejamiento Ampliado"),TRIM($B18)=""),IF(COUNTIF($M18:$O18,"?*")>0,", ","")&"grupo","")
D19: =IF($A19="Verdadero o Falso Simple","Verdadero",IF($A19="Respuesta A/B/Ambas/Ninguna","A. Si la primera es verdadera",IF($A19="Verdadero o Falso Complejas","1. ",""))) | E19: =IF($A19="Verdadero o Falso Simple","Falso",IF($A19="Respuesta A/B/Ambas/Ninguna","B. Si la segunda es verdadera",IF($A19="Verdadero o Falso Complejas","2. ",""))) | F19: =IF($A19="Respuesta A/B/Ambas/Ninguna","C. Si ambas son verdaderas",IF($A19="Verdadero o Falso Complejas","3. ","")) | G19: =IF($A19="Respuesta A/B/Ambas/Ninguna","D. Si ninguna es verdadera",IF($A19="Verdadero o Falso Complejas","4. ","")) | H19: =IF($A19="Verdadero o Falso Simple","",IF($A19="Respuesta A/B/Ambas/Ninguna","",IF($A19="Verdadero o Falso Complejas","",""))) | J19: 2 | K19: 2P | L19: =IF(TRIM($A19)="","",IF(OR($A19="Selección de la mejor respuesta",$A19="SELECCION_MEJOR_RESPUESTA",$A19="Subítem de caso o problema",$A19="SUBITEM_CASO"),IF(TRIM($C19)="","Completar enunciado",IF(SUMPRODUCT(--(LEN(TRIM($D19:$H19&""))>0))<5,"Completar opciones A-E",IF(AND(TRIM($I19)<>"",OR(LEFT(TRIM($I19),1)="A",LEFT(TRIM($I19),1)="B",LEFT(TRIM($I19),1)="C",LEFT(TRIM($I19),1)="D",LEFT(TRIM($I19),1)="E")),"OK","Completar respuesta correcta A-E"))),IF(TRIM($A19)="","",IF(COUNTIF($Q19:$AJ19,"?*")=0,"OK","Falta revisar: "&$Q19&$R19&$S19&$T19&$U19&$V19&$W19&$X19&$Y19&$Z19&$AA19&$AB19&$AC19&$AD19&$AE19&$AF19&$AG19&$AH19&$AI19&$AJ19)))) | Q19: =IF(TRIM($C19)="","enunciado","") | R19: =IF(TRIM($K19)="",IF(COUNTIF($Q19:$Q19,"?*")>0,", ","")&"parcial","") | S19: =IF(AND(TRIM($K19)<>"",TRIM($K19)<>VALIDACIONES!$G$1),IF(COUNTIF($Q19:$R19,"?*")>0,", ","")&"parcial distinto a "&VALIDACIONES!$G$1,"") | T19: =IF(AND(OR($A19="Ítems agrupados por caso clínico o problema",$A19="Subítem de caso o problema",$A19="Emparejamiento Ampliado",$A19="Opción de Emparejamiento Ampliado"),TRIM($B19)=""),IF(COUNTIF($Q19:$S19,"?*")>0,", ","")&"grupo","") | U19: =IF(AND(OR($A19="Verdadero o Falso Simple",$A19="Respuesta A/B/Ambas/Ninguna",$A19="Verdadero o Falso Complejas",$A19="Selección de la mejor respuesta",$A19="Subítem de caso o problema",$A19="Opción de Emparejamiento Ampliado"),TRIM($I19)=""),IF(COUNTIF($Q19:$T19,"?*")>0,", ","")&"respuesta_correcta","") | V19: =IF(AND(OR($A19="Verdadero o Falso Simple",$A19="Respuesta A/B/Ambas/Ninguna",$A19="Verdadero o Falso Complejas",$A19="Selección de la mejor respuesta",$A19="Subítem de caso o problema",$A19="Opción de Emparejamiento Ampliado"),TRIM($J19)=""),IF(COUNTIF($Q19:$U19,"?*")>0,", ","")&"dificultad","") | W19: =IF(AND(OR($A19="Ítems agrupados por caso clínico o problema",$A19="Emparejamiento Ampliado"),TRIM($I19)<>""),IF(COUNTIF($Q19:$V19,"?*")>0,", ","")&"respuesta debe ir vacia","") | X19: =IF(AND(OR($A19="Ítems agrupados por caso clínico o problema",$A19="Emparejamiento Ampliado"),TRIM($J19)<>""),IF(COUNTIF($Q19:$W19,"?*")>0,", ","")&"dificultad debe ir vacia","") | Y19: =IF(AND($A19="Verdadero o Falso Simple",OR(COUNTIF($D19:$E19,"?*")<2,COUNTIF($F19:$H19,"?*")>0)),IF(COUNTIF($Q19:$X19,"?*")>0,", ","")&"incisos A-B","") | Z19: =IF(AND($A19="Verdadero o Falso Simple",TRIM($I19)<>"",NOT(OR(LEFT(TRIM($I19),1)="A",LEFT(TRIM($I19),1)="B"))),IF(COUNTIF($Q19:$Y19,"?*")>0,", ","")&"respuesta A-B","") | AA19: =IF(AND($A19="Respuesta A/B/Ambas/Ninguna",COUNTIF($D19:$G19,"?*")<4),IF(COUNTIF($Q19:$Z19,"?*")>0,", ","")&"opciones A-D","") | AB19: =IF(AND($A19="Respuesta A/B/Ambas/Ninguna",COUNTIF($H19:$H19,"?*")>0),IF(COUNTIF($Q19:$AA19,"?*")>0,", ","")&"opcion E deshabilitada","") | AC19: =IF(AND($A19="Respuesta A/B/Ambas/Ninguna",TRIM($I19)<>"",NOT(OR(LEFT(TRIM($I19),1)="A",LEFT(TRIM($I19),1)="B",LEFT(TRIM($I19),1)="C",LEFT(TRIM($I19),1)="D"))),IF(COUNTIF($Q19:$AB19,"?*")>0,", ","")&"respuesta A-D","") | AD19: =IF(AND($A19="Verdadero o Falso Complejas",OR(LEN(TRIM(SUBSTITUTE($D19,"1.","")))=0,LEN(TRIM(SUBSTITUTE($E19,"2.","")))=0,LEN(TRIM(SUBSTITUTE($F19,"3.","")))=0,LEN(TRIM(SUBSTITUTE($G19,"4.","")))=0)),IF(COUNTIF($Q19:$AC19,"?*")>0,", ","")&"incisos 1-4","") | AE19: =IF(AND($A19="Verdadero o Falso Complejas",COUNTIF($H19:$H19,"?*")>0),IF(COUNTIF($Q19:$AD19,"?*")>0,", ","")&"opcion E deshabilitada","") | AF19: =IF(AND($A19="Verdadero o Falso Complejas",TRIM($I19)<>"",NOT(OR(LEFT(TRIM($I19),1)="A",LEFT(TRIM($I19),1)="B",LEFT(TRIM($I19),1)="C",LEFT(TRIM($I19),1)="D",LEFT(TRIM($I19),1)="E"))),IF(COUNTIF($Q19:$AE19,"?*")>0,", ","")&"respuesta A-E","") | AG19: =IF(AND(OR($A19="Selección de la mejor respuesta",$A19="Subítem de caso o problema"),COUNTA($D19:$H19)<5),IF(COUNTIF($Q19:$AF19,"?*")>0,", ","")&"incisos A-E","") | AH19: =IF(AND(OR($A19="Selección de la mejor respuesta",$A19="Subítem de caso o problema"),TRIM($I19)<>"",NOT(OR(LEFT(TRIM($I19),1)="A",LEFT(TRIM($I19),1)="B",LEFT(TRIM($I19),1)="C",LEFT(TRIM($I19),1)="D",LEFT(TRIM($I19),1)="E"))),IF(COUNTIF($Q19:$AG19,"?*")>0,", ","")&"respuesta A-E","") | AI19: =IF(AND(OR($A19="Ítems agrupados por caso clínico o problema",$A19="Opción de Emparejamiento Ampliado"),COUNTIF($D19:$H19,"?*")>0),IF(COUNTIF($Q19:$AH19,"?*")>0,", ","")&"sin incisos","") | AJ19: =IF(AND($A19="Emparejamiento Ampliado",COUNTIF($D19:$H19,"?*")<2),IF(COUNTIF($Q19:$AI19,"?*")>0,", ","")&"minimo 2 claves","") | AK19: =IF(AND($A19="Opción de Emparejamiento Ampliado",NOT(OR(LEFT(TRIM($I19),1)="A",LEFT(TRIM($I19),1)="B",LEFT(TRIM($I19),1)="C",LEFT(TRIM($I19),1)="D",LEFT(TRIM($I19),1)="E"))),IF(COUNTIF($Q19:$AJ19,"?*")>0,", ","")&"respuesta A-E","") | AL19: =IF(TRIM($K19)="",IF(COUNTIF($M19:$M19,"?*")>0,", ","")&"parcial","") | AM19: =IF(AND(TRIM($K19)<>"",TRIM($K19)<>VALIDACIONES!$G$1),IF(COUNTIF($M19:$N19,"?*")>0,", ","")&"parcial distinto a "&VALIDACIONES!$G$1,"") | AN19: =IF(AND(OR($A19="Ítems agrupados por caso clínico o problema",$A19="Subítem de caso o problema",$A19="Emparejamiento Ampliado",$A19="Opción de Emparejamiento Ampliado"),TRIM($B19)=""),IF(COUNTIF($M19:$O19,"?*")>0,", ","")&"grupo","")
D20: =IF($A20="Verdadero o Falso Simple","Verdadero",IF($A20="Respuesta A/B/Ambas/Ninguna","A. Si la primera es verdadera",IF($A20="Verdadero o Falso Complejas","1. ",""))) | E20: =IF($A20="Verdadero o Falso Simple","Falso",IF($A20="Respuesta A/B/Ambas/Ninguna","B. Si la segunda es verdadera",IF($A20="Verdadero o Falso Complejas","2. ",""))) | F20: =IF($A20="Respuesta A/B/Ambas/Ninguna","C. Si ambas son verdaderas",IF($A20="Verdadero o Falso Complejas","3. ","")) | G20: =IF($A20="Respuesta A/B/Ambas/Ninguna","D. Si ninguna es verdadera",IF($A20="Verdadero o Falso Complejas","4. ","")) | H20: =IF($A20="Verdadero o Falso Simple","",IF($A20="Respuesta A/B/Ambas/Ninguna","",IF($A20="Verdadero o Falso Complejas","",""))) | J20: 2 | K20: 2P | L20: =IF(TRIM($A20)="","",IF(OR($A20="Selección de la mejor respuesta",$A20="SELECCION_MEJOR_RESPUESTA",$A20="Subítem de caso o problema",$A20="SUBITEM_CASO"),IF(TRIM($C20)="","Completar enunciado",IF(SUMPRODUCT(--(LEN(TRIM($D20:$H20&""))>0))<5,"Completar opciones A-E",IF(AND(TRIM($I20)<>"",OR(LEFT(TRIM($I20),1)="A",LEFT(TRIM($I20),1)="B",LEFT(TRIM($I20),1)="C",LEFT(TRIM($I20),1)="D",LEFT(TRIM($I20),1)="E")),"OK","Completar respuesta correcta A-E"))),IF(TRIM($A20)="","",IF(COUNTIF($Q20:$AJ20,"?*")=0,"OK","Falta revisar: "&$Q20&$R20&$S20&$T20&$U20&$V20&$W20&$X20&$Y20&$Z20&$AA20&$AB20&$AC20&$AD20&$AE20&$AF20&$AG20&$AH20&$AI20&$AJ20)))) | Q20: =IF(TRIM($C20)="","enunciado","") | R20: =IF(TRIM($K20)="",IF(COUNTIF($Q20:$Q20,"?*")>0,", ","")&"parcial","") | S20: =IF(AND(TRIM($K20)<>"",TRIM($K20)<>VALIDACIONES!$G$1),IF(COUNTIF($Q20:$R20,"?*")>0,", ","")&"parcial distinto a "&VALIDACIONES!$G$1,"") | T20: =IF(AND(OR($A20="Ítems agrupados por caso clínico o problema",$A20="Subítem de caso o problema",$A20="Emparejamiento Ampliado",$A20="Opción de Emparejamiento Ampliado"),TRIM($B20)=""),IF(COUNTIF($Q20:$S20,"?*")>0,", ","")&"grupo","") | U20: =IF(AND(OR($A20="Verdadero o Falso Simple",$A20="Respuesta A/B/Ambas/Ninguna",$A20="Verdadero o Falso Complejas",$A20="Selección de la mejor respuesta",$A20="Subítem de caso o problema",$A20="Opción de Emparejamiento Ampliado"),TRIM($I20)=""),IF(COUNTIF($Q20:$T20,"?*")>0,", ","")&"respuesta_correcta","") | V20: =IF(AND(OR($A20="Verdadero o Falso Simple",$A20="Respuesta A/B/Ambas/Ninguna",$A20="Verdadero o Falso Complejas",$A20="Selección de la mejor respuesta",$A20="Subítem de caso o problema",$A20="Opción de Emparejamiento Ampliado"),TRIM($J20)=""),IF(COUNTIF($Q20:$U20,"?*")>0,", ","")&"dificultad","") | W20: =IF(AND(OR($A20="Ítems agrupados por caso clínico o problema",$A20="Emparejamiento Ampliado"),TRIM($I20)<>""),IF(COUNTIF($Q20:$V20,"?*")>0,", ","")&"respuesta debe ir vacia","") | X20: =IF(AND(OR($A20="Ítems agrupados por caso clínico o problema",$A20="Emparejamiento Ampliado"),TRIM($J20)<>""),IF(COUNTIF($Q20:$W20,"?*")>0,", ","")&"dificultad debe ir vacia","") | Y20: =IF(AND($A20="Verdadero o Falso Simple",OR(COUNTIF($D20:$E20,"?*")<2,COUNTIF($F20:$H20,"?*")>0)),IF(COUNTIF($Q20:$X20,"?*")>0,", ","")&"incisos A-B","") | Z20: =IF(AND($A20="Verdadero o Falso Simple",TRIM($I20)<>"",NOT(OR(LEFT(TRIM($I20),1)="A",LEFT(TRIM($I20),1)="B"))),IF(COUNTIF($Q20:$Y20,"?*")>0,", ","")&"respuesta A-B","") | AA20: =IF(AND($A20="Respuesta A/B/Ambas/Ninguna",COUNTIF($D20:$G20,"?*")<4),IF(COUNTIF($Q20:$Z20,"?*")>0,", ","")&"opciones A-D","") | AB20: =IF(AND($A20="Respuesta A/B/Ambas/Ninguna",COUNTIF($H20:$H20,"?*")>0),IF(COUNTIF($Q20:$AA20,"?*")>0,", ","")&"opcion E deshabilitada","") | AC20: =IF(AND($A20="Respuesta A/B/Ambas/Ninguna",TRIM($I20)<>"",NOT(OR(LEFT(TRIM($I20),1)="A",LEFT(TRIM($I20),1)="B",LEFT(TRIM($I20),1)="C",LEFT(TRIM($I20),1)="D"))),IF(COUNTIF($Q20:$AB20,"?*")>0,", ","")&"respuesta A-D","") | AD20: =IF(AND($A20="Verdadero o Falso Complejas",OR(LEN(TRIM(SUBSTITUTE($D20,"1.","")))=0,LEN(TRIM(SUBSTITUTE($E20,"2.","")))=0,LEN(TRIM(SUBSTITUTE($F20,"3.","")))=0,LEN(TRIM(SUBSTITUTE($G20,"4.","")))=0)),IF(COUNTIF($Q20:$AC20,"?*")>0,", ","")&"incisos 1-4","") | AE20: =IF(AND($A20="Verdadero o Falso Complejas",COUNTIF($H20:$H20,"?*")>0),IF(COUNTIF($Q20:$AD20,"?*")>0,", ","")&"opcion E deshabilitada","") | AF20: =IF(AND($A20="Verdadero o Falso Complejas",TRIM($I20)<>"",NOT(OR(LEFT(TRIM($I20),1)="A",LEFT(TRIM($I20),1)="B",LEFT(TRIM($I20),1)="C",LEFT(TRIM($I20),1)="D",LEFT(TRIM($I20),1)="E"))),IF(COUNTIF($Q20:$AE20,"?*")>0,", ","")&"respuesta A-E","") | AG20: =IF(AND(OR($A20="Selección de la mejor respuesta",$A20="Subítem de caso o problema"),COUNTA($D20:$H20)<5),IF(COUNTIF($Q20:$AF20,"?*")>0,", ","")&"incisos A-E","") | AH20: =IF(AND(OR($A20="Selección de la mejor respuesta",$A20="Subítem de caso o problema"),TRIM($I20)<>"",NOT(OR(LEFT(TRIM($I20),1)="A",LEFT(TRIM($I20),1)="B",LEFT(TRIM($I20),1)="C",LEFT(TRIM($I20),1)="D",LEFT(TRIM($I20),1)="E"))),IF(COUNTIF($Q20:$AG20,"?*")>0,", ","")&"respuesta A-E","") | AI20: =IF(AND(OR($A20="Ítems agrupados por caso clínico o problema",$A20="Opción de Emparejamiento Ampliado"),COUNTIF($D20:$H20,"?*")>0),IF(COUNTIF($Q20:$AH20,"?*")>0,", ","")&"sin incisos","") | AJ20: =IF(AND($A20="Emparejamiento Ampliado",COUNTIF($D20:$H20,"?*")<2),IF(COUNTIF($Q20:$AI20,"?*")>0,", ","")&"minimo 2 claves","") | AK20: =IF(AND($A20="Opción de Emparejamiento Ampliado",NOT(OR(LEFT(TRIM($I20),1)="A",LEFT(TRIM($I20),1)="B",LEFT(TRIM($I20),1)="C",LEFT(TRIM($I20),1)="D",LEFT(TRIM($I20),1)="E"))),IF(COUNTIF($Q20:$AJ20,"?*")>0,", ","")&"respuesta A-E","") | AL20: =IF(TRIM($K20)="",IF(COUNTIF($M20:$M20,"?*")>0,", ","")&"parcial","") | AM20: =IF(AND(TRIM($K20)<>"",TRIM($K20)<>VALIDACIONES!$G$1),IF(COUNTIF($M20:$N20,"?*")>0,", ","")&"parcial distinto a "&VALIDACIONES!$G$1,"") | AN20: =IF(AND(OR($A20="Ítems agrupados por caso clínico o problema",$A20="Subítem de caso o problema",$A20="Emparejamiento Ampliado",$A20="Opción de Emparejamiento Ampliado"),TRIM($B20)=""),IF(COUNTIF($M20:$O20,"?*")>0,", ","")&"grupo","")
D21: =IF($A21="Verdadero o Falso Simple","Verdadero",IF($A21="Respuesta A/B/Ambas/Ninguna","A. Si la primera es verdadera",IF($A21="Verdadero o Falso Complejas","1. ",""))) | E21: =IF($A21="Verdadero o Falso Simple","Falso",IF($A21="Respuesta A/B/Ambas/Ninguna","B. Si la segunda es verdadera",IF($A21="Verdadero o Falso Complejas","2. ",""))) | F21: =IF($A21="Respuesta A/B/Ambas/Ninguna","C. Si ambas son verdaderas",IF($A21="Verdadero o Falso Complejas","3. ","")) | G21: =IF($A21="Respuesta A/B/Ambas/Ninguna","D. Si ninguna es verdadera",IF($A21="Verdadero o Falso Complejas","4. ","")) | H21: =IF($A21="Verdadero o Falso Simple","",IF($A21="Respuesta A/B/Ambas/Ninguna","",IF($A21="Verdadero o Falso Complejas","",""))) | J21: 2 | K21: 2P | L21: =IF(TRIM($A21)="","",IF(OR($A21="Selección de la mejor respuesta",$A21="SELECCION_MEJOR_RESPUESTA",$A21="Subítem de caso o problema",$A21="SUBITEM_CASO"),IF(TRIM($C21)="","Completar enunciado",IF(SUMPRODUCT(--(LEN(TRIM($D21:$H21&""))>0))<5,"Completar opciones A-E",IF(AND(TRIM($I21)<>"",OR(LEFT(TRIM($I21),1)="A",LEFT(TRIM($I21),1)="B",LEFT(TRIM($I21),1)="C",LEFT(TRIM($I21),1)="D",LEFT(TRIM($I21),1)="E")),"OK","Completar respuesta correcta A-E"))),IF(TRIM($A21)="","",IF(COUNTIF($Q21:$AJ21,"?*")=0,"OK","Falta revisar: "&$Q21&$R21&$S21&$T21&$U21&$V21&$W21&$X21&$Y21&$Z21&$AA21&$AB21&$AC21&$AD21&$AE21&$AF21&$AG21&$AH21&$AI21&$AJ21)))) | Q21: =IF(TRIM($C21)="","enunciado","") | R21: =IF(TRIM($K21)="",IF(COUNTIF($Q21:$Q21,"?*")>0,", ","")&"parcial","") | S21: =IF(AND(TRIM($K21)<>"",TRIM($K21)<>VALIDACIONES!$G$1),IF(COUNTIF($Q21:$R21,"?*")>0,", ","")&"parcial distinto a "&VALIDACIONES!$G$1,"") | T21: =IF(AND(OR($A21="Ítems agrupados por caso clínico o problema",$A21="Subítem de caso o problema",$A21="Emparejamiento Ampliado",$A21="Opción de Emparejamiento Ampliado"),TRIM($B21)=""),IF(COUNTIF($Q21:$S21,"?*")>0,", ","")&"grupo","") | U21: =IF(AND(OR($A21="Verdadero o Falso Simple",$A21="Respuesta A/B/Ambas/Ninguna",$A21="Verdadero o Falso Complejas",$A21="Selección de la mejor respuesta",$A21="Subítem de caso o problema",$A21="Opción de Emparejamiento Ampliado"),TRIM($I21)=""),IF(COUNTIF($Q21:$T21,"?*")>0,", ","")&"respuesta_correcta","") | V21: =IF(AND(OR($A21="Verdadero o Falso Simple",$A21="Respuesta A/B/Ambas/Ninguna",$A21="Verdadero o Falso Complejas",$A21="Selección de la mejor respuesta",$A21="Subítem de caso o problema",$A21="Opción de Emparejamiento Ampliado"),TRIM($J21)=""),IF(COUNTIF($Q21:$U21,"?*")>0,", ","")&"dificultad","") | W21: =IF(AND(OR($A21="Ítems agrupados por caso clínico o problema",$A21="Emparejamiento Ampliado"),TRIM($I21)<>""),IF(COUNTIF($Q21:$V21,"?*")>0,", ","")&"respuesta debe ir vacia","") | X21: =IF(AND(OR($A21="Ítems agrupados por caso clínico o problema",$A21="Emparejamiento Ampliado"),TRIM($J21)<>""),IF(COUNTIF($Q21:$W21,"?*")>0,", ","")&"dificultad debe ir vacia","") | Y21: =IF(AND($A21="Verdadero o Falso Simple",OR(COUNTIF($D21:$E21,"?*")<2,COUNTIF($F21:$H21,"?*")>0)),IF(COUNTIF($Q21:$X21,"?*")>0,", ","")&"incisos A-B","") | Z21: =IF(AND($A21="Verdadero o Falso Simple",TRIM($I21)<>"",NOT(OR(LEFT(TRIM($I21),1)="A",LEFT(TRIM($I21),1)="B"))),IF(COUNTIF($Q21:$Y21,"?*")>0,", ","")&"respuesta A-B","") | AA21: =IF(AND($A21="Respuesta A/B/Ambas/Ninguna",COUNTIF($D21:$G21,"?*")<4),IF(COUNTIF($Q21:$Z21,"?*")>0,", ","")&"opciones A-D","") | AB21: =IF(AND($A21="Respuesta A/B/Ambas/Ninguna",COUNTIF($H21:$H21,"?*")>0),IF(COUNTIF($Q21:$AA21,"?*")>0,", ","")&"opcion E deshabilitada","") | AC21: =IF(AND($A21="Respuesta A/B/Ambas/Ninguna",TRIM($I21)<>"",NOT(OR(LEFT(TRIM($I21),1)="A",LEFT(TRIM($I21),1)="B",LEFT(TRIM($I21),1)="C",LEFT(TRIM($I21),1)="D"))),IF(COUNTIF($Q21:$AB21,"?*")>0,", ","")&"respuesta A-D","") | AD21: =IF(AND($A21="Verdadero o Falso Complejas",OR(LEN(TRIM(SUBSTITUTE($D21,"1.","")))=0,LEN(TRIM(SUBSTITUTE($E21,"2.","")))=0,LEN(TRIM(SUBSTITUTE($F21,"3.","")))=0,LEN(TRIM(SUBSTITUTE($G21,"4.","")))=0)),IF(COUNTIF($Q21:$AC21,"?*")>0,", ","")&"incisos 1-4","") | AE21: =IF(AND($A21="Verdadero o Falso Complejas",COUNTIF($H21:$H21,"?*")>0),IF(COUNTIF($Q21:$AD21,"?*")>0,", ","")&"opcion E deshabilitada","") | AF21: =IF(AND($A21="Verdadero o Falso Complejas",TRIM($I21)<>"",NOT(OR(LEFT(TRIM($I21),1)="A",LEFT(TRIM($I21),1)="B",LEFT(TRIM($I21),1)="C",LEFT(TRIM($I21),1)="D",LEFT(TRIM($I21),1)="E"))),IF(COUNTIF($Q21:$AE21,"?*")>0,", ","")&"respuesta A-E","") | AG21: =IF(AND(OR($A21="Selección de la mejor respuesta",$A21="Subítem de caso o problema"),COUNTA($D21:$H21)<5),IF(COUNTIF($Q21:$AF21,"?*")>0,", ","")&"incisos A-E","") | AH21: =IF(AND(OR($A21="Selección de la mejor respuesta",$A21="Subítem de caso o problema"),TRIM($I21)<>"",NOT(OR(LEFT(TRIM($I21),1)="A",LEFT(TRIM($I21),1)="B",LEFT(TRIM($I21),1)="C",LEFT(TRIM($I21),1)="D",LEFT(TRIM($I21),1)="E"))),IF(COUNTIF($Q21:$AG21,"?*")>0,", ","")&"respuesta A-E","") | AI21: =IF(AND(OR($A21="Ítems agrupados por caso clínico o problema",$A21="Opción de Emparejamiento Ampliado"),COUNTIF($D21:$H21,"?*")>0),IF(COUNTIF($Q21:$AH21,"?*")>0,", ","")&"sin incisos","") | AJ21: =IF(AND($A21="Emparejamiento Ampliado",COUNTIF($D21:$H21,"?*")<2),IF(COUNTIF($Q21:$AI21,"?*")>0,", ","")&"minimo 2 claves","") | AK21: =IF(AND($A21="Opción de Emparejamiento Ampliado",NOT(OR(LEFT(TRIM($I21),1)="A",LEFT(TRIM($I21),1)="B",LEFT(TRIM($I21),1)="C",LEFT(TRIM($I21),1)="D",LEFT(TRIM($I21),1)="E"))),IF(COUNTIF($Q21:$AJ21,"?*")>0,", ","")&"respuesta A-E","") | AL21: =IF(TRIM($K21)="",IF(COUNTIF($M21:$M21,"?*")>0,", ","")&"parcial","") | AM21: =IF(AND(TRIM($K21)<>"",TRIM($K21)<>VALIDACIONES!$G$1),IF(COUNTIF($M21:$N21,"?*")>0,", ","")&"parcial distinto a "&VALIDACIONES!$G$1,"") | AN21: =IF(AND(OR($A21="Ítems agrupados por caso clínico o problema",$A21="Subítem de caso o problema",$A21="Emparejamiento Ampliado",$A21="Opción de Emparejamiento Ampliado"),TRIM($B21)=""),IF(COUNTIF($M21:$O21,"?*")>0,", ","")&"grupo","")
D22: =IF($A22="Verdadero o Falso Simple","Verdadero",IF($A22="Respuesta A/B/Ambas/Ninguna","A. Si la primera es verdadera",IF($A22="Verdadero o Falso Complejas","1. ",""))) | E22: =IF($A22="Verdadero o Falso Simple","Falso",IF($A22="Respuesta A/B/Ambas/Ninguna","B. Si la segunda es verdadera",IF($A22="Verdadero o Falso Complejas","2. ",""))) | F22: =IF($A22="Respuesta A/B/Ambas/Ninguna","C. Si ambas son verdaderas",IF($A22="Verdadero o Falso Complejas","3. ","")) | G22: =IF($A22="Respuesta A/B/Ambas/Ninguna","D. Si ninguna es verdadera",IF($A22="Verdadero o Falso Complejas","4. ","")) | H22: =IF($A22="Verdadero o Falso Simple","",IF($A22="Respuesta A/B/Ambas/Ninguna","",IF($A22="Verdadero o Falso Complejas","",""))) | J22: 2 | K22: 2P | L22: =IF(TRIM($A22)="","",IF(OR($A22="Selección de la mejor respuesta",$A22="SELECCION_MEJOR_RESPUESTA",$A22="Subítem de caso o problema",$A22="SUBITEM_CASO"),IF(TRIM($C22)="","Completar enunciado",IF(SUMPRODUCT(--(LEN(TRIM($D22:$H22&""))>0))<5,"Completar opciones A-E",IF(AND(TRIM($I22)<>"",OR(LEFT(TRIM($I22),1)="A",LEFT(TRIM($I22),1)="B",LEFT(TRIM($I22),1)="C",LEFT(TRIM($I22),1)="D",LEFT(TRIM($I22),1)="E")),"OK","Completar respuesta correcta A-E"))),IF(TRIM($A22)="","",IF(COUNTIF($Q22:$AJ22,"?*")=0,"OK","Falta revisar: "&$Q22&$R22&$S22&$T22&$U22&$V22&$W22&$X22&$Y22&$Z22&$AA22&$AB22&$AC22&$AD22&$AE22&$AF22&$AG22&$AH22&$AI22&$AJ22)))) | Q22: =IF(TRIM($C22)="","enunciado","") | R22: =IF(TRIM($K22)="",IF(COUNTIF($Q22:$Q22,"?*")>0,", ","")&"parcial","") | S22: =IF(AND(TRIM($K22)<>"",TRIM($K22)<>VALIDACIONES!$G$1),IF(COUNTIF($Q22:$R22,"?*")>0,", ","")&"parcial distinto a "&VALIDACIONES!$G$1,"") | T22: =IF(AND(OR($A22="Ítems agrupados por caso clínico o problema",$A22="Subítem de caso o problema",$A22="Emparejamiento Ampliado",$A22="Opción de Emparejamiento Ampliado"),TRIM($B22)=""),IF(COUNTIF($Q22:$S22,"?*")>0,", ","")&"grupo","") | U22: =IF(AND(OR($A22="Verdadero o Falso Simple",$A22="Respuesta A/B/Ambas/Ninguna",$A22="Verdadero o Falso Complejas",$A22="Selección de la mejor respuesta",$A22="Subítem de caso o problema",$A22="Opción de Emparejamiento Ampliado"),TRIM($I22)=""),IF(COUNTIF($Q22:$T22,"?*")>0,", ","")&"respuesta_correcta","") | V22: =IF(AND(OR($A22="Verdadero o Falso Simple",$A22="Respuesta A/B/Ambas/Ninguna",$A22="Verdadero o Falso Complejas",$A22="Selección de la mejor respuesta",$A22="Subítem de caso o problema",$A22="Opción de Emparejamiento Ampliado"),TRIM($J22)=""),IF(COUNTIF($Q22:$U22,"?*")>0,", ","")&"dificultad","") | W22: =IF(AND(OR($A22="Ítems agrupados por caso clínico o problema",$A22="Emparejamiento Ampliado"),TRIM($I22)<>""),IF(COUNTIF($Q22:$V22,"?*")>0,", ","")&"respuesta debe ir vacia","") | X22: =IF(AND(OR($A22="Ítems agrupados por caso clínico o problema",$A22="Emparejamiento Ampliado"),TRIM($J22)<>""),IF(COUNTIF($Q22:$W22,"?*")>0,", ","")&"dificultad debe ir vacia","") | Y22: =IF(AND($A22="Verdadero o Falso Simple",OR(COUNTIF($D22:$E22,"?*")<2,COUNTIF($F22:$H22,"?*")>0)),IF(COUNTIF($Q22:$X22,"?*")>0,", ","")&"incisos A-B","") | Z22: =IF(AND($A22="Verdadero o Falso Simple",TRIM($I22)<>"",NOT(OR(LEFT(TRIM($I22),1)="A",LEFT(TRIM($I22),1)="B"))),IF(COUNTIF($Q22:$Y22,"?*")>0,", ","")&"respuesta A-B","") | AA22: =IF(AND($A22="Respuesta A/B/Ambas/Ninguna",COUNTIF($D22:$G22,"?*")<4),IF(COUNTIF($Q22:$Z22,"?*")>0,", ","")&"opciones A-D","") | AB22: =IF(AND($A22="Respuesta A/B/Ambas/Ninguna",COUNTIF($H22:$H22,"?*")>0),IF(COUNTIF($Q22:$AA22,"?*")>0,", ","")&"opcion E deshabilitada","") | AC22: =IF(AND($A22="Respuesta A/B/Ambas/Ninguna",TRIM($I22)<>"",NOT(OR(LEFT(TRIM($I22),1)="A",LEFT(TRIM($I22),1)="B",LEFT(TRIM($I22),1)="C",LEFT(TRIM($I22),1)="D"))),IF(COUNTIF($Q22:$AB22,"?*")>0,", ","")&"respuesta A-D","") | AD22: =IF(AND($A22="Verdadero o Falso Complejas",OR(LEN(TRIM(SUBSTITUTE($D22,"1.","")))=0,LEN(TRIM(SUBSTITUTE($E22,"2.","")))=0,LEN(TRIM(SUBSTITUTE($F22,"3.","")))=0,LEN(TRIM(SUBSTITUTE($G22,"4.","")))=0)),IF(COUNTIF($Q22:$AC22,"?*")>0,", ","")&"incisos 1-4","") | AE22: =IF(AND($A22="Verdadero o Falso Complejas",COUNTIF($H22:$H22,"?*")>0),IF(COUNTIF($Q22:$AD22,"?*")>0,", ","")&"opcion E deshabilitada","") | AF22: =IF(AND($A22="Verdadero o Falso Complejas",TRIM($I22)<>"",NOT(OR(LEFT(TRIM($I22),1)="A",LEFT(TRIM($I22),1)="B",LEFT(TRIM($I22),1)="C",LEFT(TRIM($I22),1)="D",LEFT(TRIM($I22),1)="E"))),IF(COUNTIF($Q22:$AE22,"?*")>0,", ","")&"respuesta A-E","") | AG22: =IF(AND(OR($A22="Selección de la mejor respuesta",$A22="Subítem de caso o problema"),COUNTA($D22:$H22)<5),IF(COUNTIF($Q22:$AF22,"?*")>0,", ","")&"incisos A-E","") | AH22: =IF(AND(OR($A22="Selección de la mejor respuesta",$A22="Subítem de caso o problema"),TRIM($I22)<>"",NOT(OR(LEFT(TRIM($I22),1)="A",LEFT(TRIM($I22),1)="B",LEFT(TRIM($I22),1)="C",LEFT(TRIM($I22),1)="D",LEFT(TRIM($I22),1)="E"))),IF(COUNTIF($Q22:$AG22,"?*")>0,", ","")&"respuesta A-E","") | AI22: =IF(AND(OR($A22="Ítems agrupados por caso clínico o problema",$A22="Opción de Emparejamiento Ampliado"),COUNTIF($D22:$H22,"?*")>0),IF(COUNTIF($Q22:$AH22,"?*")>0,", ","")&"sin incisos","") | AJ22: =IF(AND($A22="Emparejamiento Ampliado",COUNTIF($D22:$H22,"?*")<2),IF(COUNTIF($Q22:$AI22,"?*")>0,", ","")&"minimo 2 claves","") | AK22: =IF(AND($A22="Opción de Emparejamiento Ampliado",NOT(OR(LEFT(TRIM($I22),1)="A",LEFT(TRIM($I22),1)="B",LEFT(TRIM($I22),1)="C",LEFT(TRIM($I22),1)="D",LEFT(TRIM($I22),1)="E"))),IF(COUNTIF($Q22:$AJ22,"?*")>0,", ","")&"respuesta A-E","") | AL22: =IF(TRIM($K22)="",IF(COUNTIF($M22:$M22,"?*")>0,", ","")&"parcial","") | AM22: =IF(AND(TRIM($K22)<>"",TRIM($K22)<>VALIDACIONES!$G$1),IF(COUNTIF($M22:$N22,"?*")>0,", ","")&"parcial distinto a "&VALIDACIONES!$G$1,"") | AN22: =IF(AND(OR($A22="Ítems agrupados por caso clínico o problema",$A22="Subítem de caso o problema",$A22="Emparejamiento Ampliado",$A22="Opción de Emparejamiento Ampliado"),TRIM($B22)=""),IF(COUNTIF($M22:$O22,"?*")>0,", ","")&"grupo","")
D23: =IF($A23="Verdadero o Falso Simple","Verdadero",IF($A23="Respuesta A/B/Ambas/Ninguna","A. Si la primera es verdadera",IF($A23="Verdadero o Falso Complejas","1. ",""))) | E23: =IF($A23="Verdadero o Falso Simple","Falso",IF($A23="Respuesta A/B/Ambas/Ninguna","B. Si la segunda es verdadera",IF($A23="Verdadero o Falso Complejas","2. ",""))) | F23: =IF($A23="Respuesta A/B/Ambas/Ninguna","C. Si ambas son verdaderas",IF($A23="Verdadero o Falso Complejas","3. ","")) | G23: =IF($A23="Respuesta A/B/Ambas/Ninguna","D. Si ninguna es verdadera",IF($A23="Verdadero o Falso Complejas","4. ","")) | H23: =IF($A23="Verdadero o Falso Simple","",IF($A23="Respuesta A/B/Ambas/Ninguna","",IF($A23="Verdadero o Falso Complejas","",""))) | J23: 2 | K23: 2P | L23: =IF(TRIM($A23)="","",IF(OR($A23="Selección de la mejor respuesta",$A23="SELECCION_MEJOR_RESPUESTA",$A23="Subítem de caso o problema",$A23="SUBITEM_CASO"),IF(TRIM($C23)="","Completar enunciado",IF(SUMPRODUCT(--(LEN(TRIM($D23:$H23&""))>0))<5,"Completar opciones A-E",IF(AND(TRIM($I23)<>"",OR(LEFT(TRIM($I23),1)="A",LEFT(TRIM($I23),1)="B",LEFT(TRIM($I23),1)="C",LEFT(TRIM($I23),1)="D",LEFT(TRIM($I23),1)="E")),"OK","Completar respuesta correcta A-E"))),IF(TRIM($A23)="","",IF(COUNTIF($Q23:$AJ23,"?*")=0,"OK","Falta revisar: "&$Q23&$R23&$S23&$T23&$U23&$V23&$W23&$X23&$Y23&$Z23&$AA23&$AB23&$AC23&$AD23&$AE23&$AF23&$AG23&$AH23&$AI23&$AJ23)))) | Q23: =IF(TRIM($C23)="","enunciado","") | R23: =IF(TRIM($K23)="",IF(COUNTIF($Q23:$Q23,"?*")>0,", ","")&"parcial","") | S23: =IF(AND(TRIM($K23)<>"",TRIM($K23)<>VALIDACIONES!$G$1),IF(COUNTIF($Q23:$R23,"?*")>0,", ","")&"parcial distinto a "&VALIDACIONES!$G$1,"") | T23: =IF(AND(OR($A23="Ítems agrupados por caso clínico o problema",$A23="Subítem de caso o problema",$A23="Emparejamiento Ampliado",$A23="Opción de Emparejamiento Ampliado"),TRIM($B23)=""),IF(COUNTIF($Q23:$S23,"?*")>0,", ","")&"grupo","") | U23: =IF(AND(OR($A23="Verdadero o Falso Simple",$A23="Respuesta A/B/Ambas/Ninguna",$A23="Verdadero o Falso Complejas",$A23="Selección de la mejor respuesta",$A23="Subítem de caso o problema",$A23="Opción de Emparejamiento Ampliado"),TRIM($I23)=""),IF(COUNTIF($Q23:$T23,"?*")>0,", ","")&"respuesta_correcta","") | V23: =IF(AND(OR($A23="Verdadero o Falso Simple",$A23="Respuesta A/B/Ambas/Ninguna",$A23="Verdadero o Falso Complejas",$A23="Selección de la mejor respuesta",$A23="Subítem de caso o problema",$A23="Opción de Emparejamiento Ampliado"),TRIM($J23)=""),IF(COUNTIF($Q23:$U23,"?*")>0,", ","")&"dificultad","") | W23: =IF(AND(OR($A23="Ítems agrupados por caso clínico o problema",$A23="Emparejamiento Ampliado"),TRIM($I23)<>""),IF(COUNTIF($Q23:$V23,"?*")>0,", ","")&"respuesta debe ir vacia","") | X23: =IF(AND(OR($A23="Ítems agrupados por caso clínico o problema",$A23="Emparejamiento Ampliado"),TRIM($J23)<>""),IF(COUNTIF($Q23:$W23,"?*")>0,", ","")&"dificultad debe ir vacia","") | Y23: =IF(AND($A23="Verdadero o Falso Simple",OR(COUNTIF($D23:$E23,"?*")<2,COUNTIF($F23:$H23,"?*")>0)),IF(COUNTIF($Q23:$X23,"?*")>0,", ","")&"incisos A-B","") | Z23: =IF(AND($A23="Verdadero o Falso Simple",TRIM($I23)<>"",NOT(OR(LEFT(TRIM($I23),1)="A",LEFT(TRIM($I23),1)="B"))),IF(COUNTIF($Q23:$Y23,"?*")>0,", ","")&"respuesta A-B","") | AA23: =IF(AND($A23="Respuesta A/B/Ambas/Ninguna",COUNTIF($D23:$G23,"?*")<4),IF(COUNTIF($Q23:$Z23,"?*")>0,", ","")&"opciones A-D","") | AB23: =IF(AND($A23="Respuesta A/B/Ambas/Ninguna",COUNTIF($H23:$H23,"?*")>0),IF(COUNTIF($Q23:$AA23,"?*")>0,", ","")&"opcion E deshabilitada","") | AC23: =IF(AND($A23="Respuesta A/B/Ambas/Ninguna",TRIM($I23)<>"",NOT(OR(LEFT(TRIM($I23),1)="A",LEFT(TRIM($I23),1)="B",LEFT(TRIM($I23),1)="C",LEFT(TRIM($I23),1)="D"))),IF(COUNTIF($Q23:$AB23,"?*")>0,", ","")&"respuesta A-D","") | AD23: =IF(AND($A23="Verdadero o Falso Complejas",OR(LEN(TRIM(SUBSTITUTE($D23,"1.","")))=0,LEN(TRIM(SUBSTITUTE($E23,"2.","")))=0,LEN(TRIM(SUBSTITUTE($F23,"3.","")))=0,LEN(TRIM(SUBSTITUTE($G23,"4.","")))=0)),IF(COUNTIF($Q23:$AC23,"?*")>0,", ","")&"incisos 1-4","") | AE23: =IF(AND($A23="Verdadero o Falso Complejas",COUNTIF($H23:$H23,"?*")>0),IF(COUNTIF($Q23:$AD23,"?*")>0,", ","")&"opcion E deshabilitada","") | AF23: =IF(AND($A23="Verdadero o Falso Complejas",TRIM($I23)<>"",NOT(OR(LEFT(TRIM($I23),1)="A",LEFT(TRIM($I23),1)="B",LEFT(TRIM($I23),1)="C",LEFT(TRIM($I23),1)="D",LEFT(TRIM($I23),1)="E"))),IF(COUNTIF($Q23:$AE23,"?*")>0,", ","")&"respuesta A-E","") | AG23: =IF(AND(OR($A23="Selección de la mejor respuesta",$A23="Subítem de caso o problema"),COUNTA($D23:$H23)<5),IF(COUNTIF($Q23:$AF23,"?*")>0,", ","")&"incisos A-E","") | AH23: =IF(AND(OR($A23="Selección de la mejor respuesta",$A23="Subítem de caso o problema"),TRIM($I23)<>"",NOT(OR(LEFT(TRIM($I23),1)="A",LEFT(TRIM($I23),1)="B",LEFT(TRIM($I23),1)="C",LEFT(TRIM($I23),1)="D",LEFT(TRIM($I23),1)="E"))),IF(COUNTIF($Q23:$AG23,"?*")>0,", ","")&"respuesta A-E","") | AI23: =IF(AND(OR($A23="Ítems agrupados por caso clínico o problema",$A23="Opción de Emparejamiento Ampliado"),COUNTIF($D23:$H23,"?*")>0),IF(COUNTIF($Q23:$AH23,"?*")>0,", ","")&"sin incisos","") | AJ23: =IF(AND($A23="Emparejamiento Ampliado",COUNTIF($D23:$H23,"?*")<2),IF(COUNTIF($Q23:$AI23,"?*")>0,", ","")&"minimo 2 claves","") | AK23: =IF(AND($A23="Opción de Emparejamiento Ampliado",NOT(OR(LEFT(TRIM($I23),1)="A",LEFT(TRIM($I23),1)="B",LEFT(TRIM($I23),1)="C",LEFT(TRIM($I23),1)="D",LEFT(TRIM($I23),1)="E"))),IF(COUNTIF($Q23:$AJ23,"?*")>0,", ","")&"respuesta A-E","") | AL23: =IF(TRIM($K23)="",IF(COUNTIF($M23:$M23,"?*")>0,", ","")&"parcial","") | AM23: =IF(AND(TRIM($K23)<>"",TRIM($K23)<>VALIDACIONES!$G$1),IF(COUNTIF($M23:$N23,"?*")>0,", ","")&"parcial distinto a "&VALIDACIONES!$G$1,"") | AN23: =IF(AND(OR($A23="Ítems agrupados por caso clínico o problema",$A23="Subítem de caso o problema",$A23="Emparejamiento Ampliado",$A23="Opción de Emparejamiento Ampliado"),TRIM($B23)=""),IF(COUNTIF($M23:$O23,"?*")>0,", ","")&"grupo","")
D24: =IF($A24="Verdadero o Falso Simple","Verdadero",IF($A24="Respuesta A/B/Ambas/Ninguna","A. Si la primera es verdadera",IF($A24="Verdadero o Falso Complejas","1. ",""))) | E24: =IF($A24="Verdadero o Falso Simple","Falso",IF($A24="Respuesta A/B/Ambas/Ninguna","B. Si la segunda es verdadera",IF($A24="Verdadero o Falso Complejas","2. ",""))) | F24: =IF($A24="Respuesta A/B/Ambas/Ninguna","C. Si ambas son verdaderas",IF($A24="Verdadero o Falso Complejas","3. ","")) | G24: =IF($A24="Respuesta A/B/Ambas/Ninguna","D. Si ninguna es verdadera",IF($A24="Verdadero o Falso Complejas","4. ","")) | H24: =IF($A24="Verdadero o Falso Simple","",IF($A24="Respuesta A/B/Ambas/Ninguna","",IF($A24="Verdadero o Falso Complejas","",""))) | J24: 2 | K24: 2P | L24: =IF(TRIM($A24)="","",IF(OR($A24="Selección de la mejor respuesta",$A24="SELECCION_MEJOR_RESPUESTA",$A24="Subítem de caso o problema",$A24="SUBITEM_CASO"),IF(TRIM($C24)="","Completar enunciado",IF(SUMPRODUCT(--(LEN(TRIM($D24:$H24&""))>0))<5,"Completar opciones A-E",IF(AND(TRIM($I24)<>"",OR(LEFT(TRIM($I24),1)="A",LEFT(TRIM($I24),1)="B",LEFT(TRIM($I24),1)="C",LEFT(TRIM($I24),1)="D",LEFT(TRIM($I24),1)="E")),"OK","Completar respuesta correcta A-E"))),IF(TRIM($A24)="","",IF(COUNTIF($Q24:$AJ24,"?*")=0,"OK","Falta revisar: "&$Q24&$R24&$S24&$T24&$U24&$V24&$W24&$X24&$Y24&$Z24&$AA24&$AB24&$AC24&$AD24&$AE24&$AF24&$AG24&$AH24&$AI24&$AJ24)))) | Q24: =IF(TRIM($C24)="","enunciado","") | R24: =IF(TRIM($K24)="",IF(COUNTIF($Q24:$Q24,"?*")>0,", ","")&"parcial","") | S24: =IF(AND(TRIM($K24)<>"",TRIM($K24)<>VALIDACIONES!$G$1),IF(COUNTIF($Q24:$R24,"?*")>0,", ","")&"parcial distinto a "&VALIDACIONES!$G$1,"") | T24: =IF(AND(OR($A24="Ítems agrupados por caso clínico o problema",$A24="Subítem de caso o problema",$A24="Emparejamiento Ampliado",$A24="Opción de Emparejamiento Ampliado"),TRIM($B24)=""),IF(COUNTIF($Q24:$S24,"?*")>0,", ","")&"grupo","") | U24: =IF(AND(OR($A24="Verdadero o Falso Simple",$A24="Respuesta A/B/Ambas/Ninguna",$A24="Verdadero o Falso Complejas",$A24="Selección de la mejor respuesta",$A24="Subítem de caso o problema",$A24="Opción de Emparejamiento Ampliado"),TRIM($I24)=""),IF(COUNTIF($Q24:$T24,"?*")>0,", ","")&"respuesta_correcta","") | V24: =IF(AND(OR($A24="Verdadero o Falso Simple",$A24="Respuesta A/B/Ambas/Ninguna",$A24="Verdadero o Falso Complejas",$A24="Selección de la mejor respuesta",$A24="Subítem de caso o problema",$A24="Opción de Emparejamiento Ampliado"),TRIM($J24)=""),IF(COUNTIF($Q24:$U24,"?*")>0,", ","")&"dificultad","") | W24: =IF(AND(OR($A24="Ítems agrupados por caso clínico o problema",$A24="Emparejamiento Ampliado"),TRIM($I24)<>""),IF(COUNTIF($Q24:$V24,"?*")>0,", ","")&"respuesta debe ir vacia","") | X24: =IF(AND(OR($A24="Ítems agrupados por caso clínico o problema",$A24="Emparejamiento Ampliado"),TRIM($J24)<>""),IF(COUNTIF($Q24:$W24,"?*")>0,", ","")&"dificultad debe ir vacia","") | Y24: =IF(AND($A24="Verdadero o Falso Simple",OR(COUNTIF($D24:$E24,"?*")<2,COUNTIF($F24:$H24,"?*")>0)),IF(COUNTIF($Q24:$X24,"?*")>0,", ","")&"incisos A-B","") | Z24: =IF(AND($A24="Verdadero o Falso Simple",TRIM($I24)<>"",NOT(OR(LEFT(TRIM($I24),1)="A",LEFT(TRIM($I24),1)="B"))),IF(COUNTIF($Q24:$Y24,"?*")>0,", ","")&"respuesta A-B","") | AA24: =IF(AND($A24="Respuesta A/B/Ambas/Ninguna",COUNTIF($D24:$G24,"?*")<4),IF(COUNTIF($Q24:$Z24,"?*")>0,", ","")&"opciones A-D","") | AB24: =IF(AND($A24="Respuesta A/B/Ambas/Ninguna",COUNTIF($H24:$H24,"?*")>0),IF(COUNTIF($Q24:$AA24,"?*")>0,", ","")&"opcion E deshabilitada","") | AC24: =IF(AND($A24="Respuesta A/B/Ambas/Ninguna",TRIM($I24)<>"",NOT(OR(LEFT(TRIM($I24),1)="A",LEFT(TRIM($I24),1)="B",LEFT(TRIM($I24),1)="C",LEFT(TRIM($I24),1)="D"))),IF(COUNTIF($Q24:$AB24,"?*")>0,", ","")&"respuesta A-D","") | AD24: =IF(AND($A24="Verdadero o Falso Complejas",OR(LEN(TRIM(SUBSTITUTE($D24,"1.","")))=0,LEN(TRIM(SUBSTITUTE($E24,"2.","")))=0,LEN(TRIM(SUBSTITUTE($F24,"3.","")))=0,LEN(TRIM(SUBSTITUTE($G24,"4.","")))=0)),IF(COUNTIF($Q24:$AC24,"?*")>0,", ","")&"incisos 1-4","") | AE24: =IF(AND($A24="Verdadero o Falso Complejas",COUNTIF($H24:$H24,"?*")>0),IF(COUNTIF($Q24:$AD24,"?*")>0,", ","")&"opcion E deshabilitada","") | AF24: =IF(AND($A24="Verdadero o Falso Complejas",TRIM($I24)<>"",NOT(OR(LEFT(TRIM($I24),1)="A",LEFT(TRIM($I24),1)="B",LEFT(TRIM($I24),1)="C",LEFT(TRIM($I24),1)="D",LEFT(TRIM($I24),1)="E"))),IF(COUNTIF($Q24:$AE24,"?*")>0,", ","")&"respuesta A-E","") | AG24: =IF(AND(OR($A24="Selección de la mejor respuesta",$A24="Subítem de caso o problema"),COUNTA($D24:$H24)<5),IF(COUNTIF($Q24:$AF24,"?*")>0,", ","")&"incisos A-E","") | AH24: =IF(AND(OR($A24="Selección de la mejor respuesta",$A24="Subítem de caso o problema"),TRIM($I24)<>"",NOT(OR(LEFT(TRIM($I24),1)="A",LEFT(TRIM($I24),1)="B",LEFT(TRIM($I24),1)="C",LEFT(TRIM($I24),1)="D",LEFT(TRIM($I24),1)="E"))),IF(COUNTIF($Q24:$AG24,"?*")>0,", ","")&"respuesta A-E","") | AI24: =IF(AND(OR($A24="Ítems agrupados por caso clínico o problema",$A24="Opción de Emparejamiento Ampliado"),COUNTIF($D24:$H24,"?*")>0),IF(COUNTIF($Q24:$AH24,"?*")>0,", ","")&"sin incisos","") | AJ24: =IF(AND($A24="Emparejamiento Ampliado",COUNTIF($D24:$H24,"?*")<2),IF(COUNTIF($Q24:$AI24,"?*")>0,", ","")&"minimo 2 claves","") | AK24: =IF(AND($A24="Opción de Emparejamiento Ampliado",NOT(OR(LEFT(TRIM($I24),1)="A",LEFT(TRIM($I24),1)="B",LEFT(TRIM($I24),1)="C",LEFT(TRIM($I24),1)="D",LEFT(TRIM($I24),1)="E"))),IF(COUNTIF($Q24:$AJ24,"?*")>0,", ","")&"respuesta A-E","") | AL24: =IF(TRIM($K24)="",IF(COUNTIF($M24:$M24,"?*")>0,", ","")&"parcial","") | AM24: =IF(AND(TRIM($K24)<>"",TRIM($K24)<>VALIDACIONES!$G$1),IF(COUNTIF($M24:$N24,"?*")>0,", ","")&"parcial distinto a "&VALIDACIONES!$G$1,"") | AN24: =IF(AND(OR($A24="Ítems agrupados por caso clínico o problema",$A24="Subítem de caso o problema",$A24="Emparejamiento Ampliado",$A24="Opción de Emparejamiento Ampliado"),TRIM($B24)=""),IF(COUNTIF($M24:$O24,"?*")>0,", ","")&"grupo","")
D25: =IF($A25="Verdadero o Falso Simple","Verdadero",IF($A25="Respuesta A/B/Ambas/Ninguna","A. Si la primera es verdadera",IF($A25="Verdadero o Falso Complejas","1. ",""))) | E25: =IF($A25="Verdadero o Falso Simple","Falso",IF($A25="Respuesta A/B/Ambas/Ninguna","B. Si la segunda es verdadera",IF($A25="Verdadero o Falso Complejas","2. ",""))) | F25: =IF($A25="Respuesta A/B/Ambas/Ninguna","C. Si ambas son verdaderas",IF($A25="Verdadero o Falso Complejas","3. ","")) | G25: =IF($A25="Respuesta A/B/Ambas/Ninguna","D. Si ninguna es verdadera",IF($A25="Verdadero o Falso Complejas","4. ","")) | H25: =IF($A25="Verdadero o Falso Simple","",IF($A25="Respuesta A/B/Ambas/Ninguna","",IF($A25="Verdadero o Falso Complejas","",""))) | J25: 2 | K25: 2P | L25: =IF(TRIM($A25)="","",IF(OR($A25="Selección de la mejor respuesta",$A25="SELECCION_MEJOR_RESPUESTA",$A25="Subítem de caso o problema",$A25="SUBITEM_CASO"),IF(TRIM($C25)="","Completar enunciado",IF(SUMPRODUCT(--(LEN(TRIM($D25:$H25&""))>0))<5,"Completar opciones A-E",IF(AND(TRIM($I25)<>"",OR(LEFT(TRIM($I25),1)="A",LEFT(TRIM($I25),1)="B",LEFT(TRIM($I25),1)="C",LEFT(TRIM($I25),1)="D",LEFT(TRIM($I25),1)="E")),"OK","Completar respuesta correcta A-E"))),IF(TRIM($A25)="","",IF(COUNTIF($Q25:$AJ25,"?*")=0,"OK","Falta revisar: "&$Q25&$R25&$S25&$T25&$U25&$V25&$W25&$X25&$Y25&$Z25&$AA25&$AB25&$AC25&$AD25&$AE25&$AF25&$AG25&$AH25&$AI25&$AJ25)))) | Q25: =IF(TRIM($C25)="","enunciado","") | R25: =IF(TRIM($K25)="",IF(COUNTIF($Q25:$Q25,"?*")>0,", ","")&"parcial","") | S25: =IF(AND(TRIM($K25)<>"",TRIM($K25)<>VALIDACIONES!$G$1),IF(COUNTIF($Q25:$R25,"?*")>0,", ","")&"parcial distinto a "&VALIDACIONES!$G$1,"") | T25: =IF(AND(OR($A25="Ítems agrupados por caso clínico o problema",$A25="Subítem de caso o problema",$A25="Emparejamiento Ampliado",$A25="Opción de Emparejamiento Ampliado"),TRIM($B25)=""),IF(COUNTIF($Q25:$S25,"?*")>0,", ","")&"grupo","") | U25: =IF(AND(OR($A25="Verdadero o Falso Simple",$A25="Respuesta A/B/Ambas/Ninguna",$A25="Verdadero o Falso Complejas",$A25="Selección de la mejor respuesta",$A25="Subítem de caso o problema",$A25="Opción de Emparejamiento Ampliado"),TRIM($I25)=""),IF(COUNTIF($Q25:$T25,"?*")>0,", ","")&"respuesta_correcta","") | V25: =IF(AND(OR($A25="Verdadero o Falso Simple",$A25="Respuesta A/B/Ambas/Ninguna",$A25="Verdadero o Falso Complejas",$A25="Selección de la mejor respuesta",$A25="Subítem de caso o problema",$A25="Opción de Emparejamiento Ampliado"),TRIM($J25)=""),IF(COUNTIF($Q25:$U25,"?*")>0,", ","")&"dificultad","") | W25: =IF(AND(OR($A25="Ítems agrupados por caso clínico o problema",$A25="Emparejamiento Ampliado"),TRIM($I25)<>""),IF(COUNTIF($Q25:$V25,"?*")>0,", ","")&"respuesta debe ir vacia","") | X25: =IF(AND(OR($A25="Ítems agrupados por caso clínico o problema",$A25="Emparejamiento Ampliado"),TRIM($J25)<>""),IF(COUNTIF($Q25:$W25,"?*")>0,", ","")&"dificultad debe ir vacia","") | Y25: =IF(AND($A25="Verdadero o Falso Simple",OR(COUNTIF($D25:$E25,"?*")<2,COUNTIF($F25:$H25,"?*")>0)),IF(COUNTIF($Q25:$X25,"?*")>0,", ","")&"incisos A-B","") | Z25: =IF(AND($A25="Verdadero o Falso Simple",TRIM($I25)<>"",NOT(OR(LEFT(TRIM($I25),1)="A",LEFT(TRIM($I25),1)="B"))),IF(COUNTIF($Q25:$Y25,"?*")>0,", ","")&"respuesta A-B","") | AA25: =IF(AND($A25="Respuesta A/B/Ambas/Ninguna",COUNTIF($D25:$G25,"?*")<4),IF(COUNTIF($Q25:$Z25,"?*")>0,", ","")&"opciones A-D","") | AB25: =IF(AND($A25="Respuesta A/B/Ambas/Ninguna",COUNTIF($H25:$H25,"?*")>0),IF(COUNTIF($Q25:$AA25,"?*")>0,", ","")&"opcion E deshabilitada","") | AC25: =IF(AND($A25="Respuesta A/B/Ambas/Ninguna",TRIM($I25)<>"",NOT(OR(LEFT(TRIM($I25),1)="A",LEFT(TRIM($I25),1)="B",LEFT(TRIM($I25),1)="C",LEFT(TRIM($I25),1)="D"))),IF(COUNTIF($Q25:$AB25,"?*")>0,", ","")&"respuesta A-D","") | AD25: =IF(AND($A25="Verdadero o Falso Complejas",OR(LEN(TRIM(SUBSTITUTE($D25,"1.","")))=0,LEN(TRIM(SUBSTITUTE($E25,"2.","")))=0,LEN(TRIM(SUBSTITUTE($F25,"3.","")))=0,LEN(TRIM(SUBSTITUTE($G25,"4.","")))=0)),IF(COUNTIF($Q25:$AC25,"?*")>0,", ","")&"incisos 1-4","") | AE25: =IF(AND($A25="Verdadero o Falso Complejas",COUNTIF($H25:$H25,"?*")>0),IF(COUNTIF($Q25:$AD25,"?*")>0,", ","")&"opcion E deshabilitada","") | AF25: =IF(AND($A25="Verdadero o Falso Complejas",TRIM($I25)<>"",NOT(OR(LEFT(TRIM($I25),1)="A",LEFT(TRIM($I25),1)="B",LEFT(TRIM($I25),1)="C",LEFT(TRIM($I25),1)="D",LEFT(TRIM($I25),1)="E"))),IF(COUNTIF($Q25:$AE25,"?*")>0,", ","")&"respuesta A-E","") | AG25: =IF(AND(OR($A25="Selección de la mejor respuesta",$A25="Subítem de caso o problema"),COUNTA($D25:$H25)<5),IF(COUNTIF($Q25:$AF25,"?*")>0,", ","")&"incisos A-E","") | AH25: =IF(AND(OR($A25="Selección de la mejor respuesta",$A25="Subítem de caso o problema"),TRIM($I25)<>"",NOT(OR(LEFT(TRIM($I25),1)="A",LEFT(TRIM($I25),1)="B",LEFT(TRIM($I25),1)="C",LEFT(TRIM($I25),1)="D",LEFT(TRIM($I25),1)="E"))),IF(COUNTIF($Q25:$AG25,"?*")>0,", ","")&"respuesta A-E","") | AI25: =IF(AND(OR($A25="Ítems agrupados por caso clínico o problema",$A25="Opción de Emparejamiento Ampliado"),COUNTIF($D25:$H25,"?*")>0),IF(COUNTIF($Q25:$AH25,"?*")>0,", ","")&"sin incisos","") | AJ25: =IF(AND($A25="Emparejamiento Ampliado",COUNTIF($D25:$H25,"?*")<2),IF(COUNTIF($Q25:$AI25,"?*")>0,", ","")&"minimo 2 claves","") | AK25: =IF(AND($A25="Opción de Emparejamiento Ampliado",NOT(OR(LEFT(TRIM($I25),1)="A",LEFT(TRIM($I25),1)="B",LEFT(TRIM($I25),1)="C",LEFT(TRIM($I25),1)="D",LEFT(TRIM($I25),1)="E"))),IF(COUNTIF($Q25:$AJ25,"?*")>0,", ","")&"respuesta A-E","") | AL25: =IF(TRIM($K25)="",IF(COUNTIF($M25:$M25,"?*")>0,", ","")&"parcial","") | AM25: =IF(AND(TRIM($K25)<>"",TRIM($K25)<>VALIDACIONES!$G$1),IF(COUNTIF($M25:$N25,"?*")>0,", ","")&"parcial distinto a "&VALIDACIONES!$G$1,"") | AN25: =IF(AND(OR($A25="Ítems agrupados por caso clínico o problema",$A25="Subítem de caso o problema",$A25="Emparejamiento Ampliado",$A25="Opción de Emparejamiento Ampliado"),TRIM($B25)=""),IF(COUNTIF($M25:$O25,"?*")>0,", ","")&"grupo","")
D26: =IF($A26="Verdadero o Falso Simple","Verdadero",IF($A26="Respuesta A/B/Ambas/Ninguna","A. Si la primera es verdadera",IF($A26="Verdadero o Falso Complejas","1. ",""))) | E26: =IF($A26="Verdadero o Falso Simple","Falso",IF($A26="Respuesta A/B/Ambas/Ninguna","B. Si la segunda es verdadera",IF($A26="Verdadero o Falso Complejas","2. ",""))) | F26: =IF($A26="Respuesta A/B/Ambas/Ninguna","C. Si ambas son verdaderas",IF($A26="Verdadero o Falso Complejas","3. ","")) | G26: =IF($A26="Respuesta A/B/Ambas/Ninguna","D. Si ninguna es verdadera",IF($A26="Verdadero o Falso Complejas","4. ","")) | H26: =IF($A26="Verdadero o Falso Simple","",IF($A26="Respuesta A/B/Ambas/Ninguna","",IF($A26="Verdadero o Falso Complejas","",""))) | J26: 2 | K26: 2P | L26: =IF(TRIM($A26)="","",IF(OR($A26="Selección de la mejor respuesta",$A26="SELECCION_MEJOR_RESPUESTA",$A26="Subítem de caso o problema",$A26="SUBITEM_CASO"),IF(TRIM($C26)="","Completar enunciado",IF(SUMPRODUCT(--(LEN(TRIM($D26:$H26&""))>0))<5,"Completar opciones A-E",IF(AND(TRIM($I26)<>"",OR(LEFT(TRIM($I26),1)="A",LEFT(TRIM($I26),1)="B",LEFT(TRIM($I26),1)="C",LEFT(TRIM($I26),1)="D",LEFT(TRIM($I26),1)="E")),"OK","Completar respuesta correcta A-E"))),IF(TRIM($A26)="","",IF(COUNTIF($Q26:$AJ26,"?*")=0,"OK","Falta revisar: "&$Q26&$R26&$S26&$T26&$U26&$V26&$W26&$X26&$Y26&$Z26&$AA26&$AB26&$AC26&$AD26&$AE26&$AF26&$AG26&$AH26&$AI26&$AJ26)))) | Q26: =IF(TRIM($C26)="","enunciado","") | R26: =IF(TRIM($K26)="",IF(COUNTIF($Q26:$Q26,"?*")>0,", ","")&"parcial","") | S26: =IF(AND(TRIM($K26)<>"",TRIM($K26)<>VALIDACIONES!$G$1),IF(COUNTIF($Q26:$R26,"?*")>0,", ","")&"parcial distinto a "&VALIDACIONES!$G$1,"") | T26: =IF(AND(OR($A26="Ítems agrupados por caso clínico o problema",$A26="Subítem de caso o problema",$A26="Emparejamiento Ampliado",$A26="Opción de Emparejamiento Ampliado"),TRIM($B26)=""),IF(COUNTIF($Q26:$S26,"?*")>0,", ","")&"grupo","") | U26: =IF(AND(OR($A26="Verdadero o Falso Simple",$A26="Respuesta A/B/Ambas/Ninguna",$A26="Verdadero o Falso Complejas",$A26="Selección de la mejor respuesta",$A26="Subítem de caso o problema",$A26="Opción de Emparejamiento Ampliado"),TRIM($I26)=""),IF(COUNTIF($Q26:$T26,"?*")>0,", ","")&"respuesta_correcta","") | V26: =IF(AND(OR($A26="Verdadero o Falso Simple",$A26="Respuesta A/B/Ambas/Ninguna",$A26="Verdadero o Falso Complejas",$A26="Selección de la mejor respuesta",$A26="Subítem de caso o problema",$A26="Opción de Emparejamiento Ampliado"),TRIM($J26)=""),IF(COUNTIF($Q26:$U26,"?*")>0,", ","")&"dificultad","") | W26: =IF(AND(OR($A26="Ítems agrupados por caso clínico o problema",$A26="Emparejamiento Ampliado"),TRIM($I26)<>""),IF(COUNTIF($Q26:$V26,"?*")>0,", ","")&"respuesta debe ir vacia","") | X26: =IF(AND(OR($A26="Ítems agrupados por caso clínico o problema",$A26="Emparejamiento Ampliado"),TRIM($J26)<>""),IF(COUNTIF($Q26:$W26,"?*")>0,", ","")&"dificultad debe ir vacia","") | Y26: =IF(AND($A26="Verdadero o Falso Simple",OR(COUNTIF($D26:$E26,"?*")<2,COUNTIF($F26:$H26,"?*")>0)),IF(COUNTIF($Q26:$X26,"?*")>0,", ","")&"incisos A-B","") | Z26: =IF(AND($A26="Verdadero o Falso Simple",TRIM($I26)<>"",NOT(OR(LEFT(TRIM($I26),1)="A",LEFT(TRIM($I26),1)="B"))),IF(COUNTIF($Q26:$Y26,"?*")>0,", ","")&"respuesta A-B","") | AA26: =IF(AND($A26="Respuesta A/B/Ambas/Ninguna",COUNTIF($D26:$G26,"?*")<4),IF(COUNTIF($Q26:$Z26,"?*")>0,", ","")&"opciones A-D","") | AB26: =IF(AND($A26="Respuesta A/B/Ambas/Ninguna",COUNTIF($H26:$H26,"?*")>0),IF(COUNTIF($Q26:$AA26,"?*")>0,", ","")&"opcion E deshabilitada","") | AC26: =IF(AND($A26="Respuesta A/B/Ambas/Ninguna",TRIM($I26)<>"",NOT(OR(LEFT(TRIM($I26),1)="A",LEFT(TRIM($I26),1)="B",LEFT(TRIM($I26),1)="C",LEFT(TRIM($I26),1)="D"))),IF(COUNTIF($Q26:$AB26,"?*")>0,", ","")&"respuesta A-D","") | AD26: =IF(AND($A26="Verdadero o Falso Complejas",OR(LEN(TRIM(SUBSTITUTE($D26,"1.","")))=0,LEN(TRIM(SUBSTITUTE($E26,"2.","")))=0,LEN(TRIM(SUBSTITUTE($F26,"3.","")))=0,LEN(TRIM(SUBSTITUTE($G26,"4.","")))=0)),IF(COUNTIF($Q26:$AC26,"?*")>0,", ","")&"incisos 1-4","") | AE26: =IF(AND($A26="Verdadero o Falso Complejas",COUNTIF($H26:$H26,"?*")>0),IF(COUNTIF($Q26:$AD26,"?*")>0,", ","")&"opcion E deshabilitada","") | AF26: =IF(AND($A26="Verdadero o Falso Complejas",TRIM($I26)<>"",NOT(OR(LEFT(TRIM($I26),1)="A",LEFT(TRIM($I26),1)="B",LEFT(TRIM($I26),1)="C",LEFT(TRIM($I26),1)="D",LEFT(TRIM($I26),1)="E"))),IF(COUNTIF($Q26:$AE26,"?*")>0,", ","")&"respuesta A-E","") | AG26: =IF(AND(OR($A26="Selección de la mejor respuesta",$A26="Subítem de caso o problema"),COUNTA($D26:$H26)<5),IF(COUNTIF($Q26:$AF26,"?*")>0,", ","")&"incisos A-E","") | AH26: =IF(AND(OR($A26="Selección de la mejor respuesta",$A26="Subítem de caso o problema"),TRIM($I26)<>"",NOT(OR(LEFT(TRIM($I26),1)="A",LEFT(TRIM($I26),1)="B",LEFT(TRIM($I26),1)="C",LEFT(TRIM($I26),1)="D",LEFT(TRIM($I26),1)="E"))),IF(COUNTIF($Q26:$AG26,"?*")>0,", ","")&"respuesta A-E","") | AI26: =IF(AND(OR($A26="Ítems agrupados por caso clínico o problema",$A26="Opción de Emparejamiento Ampliado"),COUNTIF($D26:$H26,"?*")>0),IF(COUNTIF($Q26:$AH26,"?*")>0,", ","")&"sin incisos","") | AJ26: =IF(AND($A26="Emparejamiento Ampliado",COUNTIF($D26:$H26,"?*")<2),IF(COUNTIF($Q26:$AI26,"?*")>0,", ","")&"minimo 2 claves","") | AK26: =IF(AND($A26="Opción de Emparejamiento Ampliado",NOT(OR(LEFT(TRIM($I26),1)="A",LEFT(TRIM($I26),1)="B",LEFT(TRIM($I26),1)="C",LEFT(TRIM($I26),1)="D",LEFT(TRIM($I26),1)="E"))),IF(COUNTIF($Q26:$AJ26,"?*")>0,", ","")&"respuesta A-E","") | AL26: =IF(TRIM($K26)="",IF(COUNTIF($M26:$M26,"?*")>0,", ","")&"parcial","") | AM26: =IF(AND(TRIM($K26)<>"",TRIM($K26)<>VALIDACIONES!$G$1),IF(COUNTIF($M26:$N26,"?*")>0,", ","")&"parcial distinto a "&VALIDACIONES!$G$1,"") | AN26: =IF(AND(OR($A26="Ítems agrupados por caso clínico o problema",$A26="Subítem de caso o problema",$A26="Emparejamiento Ampliado",$A26="Opción de Emparejamiento Ampliado"),TRIM($B26)=""),IF(COUNTIF($M26:$O26,"?*")>0,", ","")&"grupo","")
... D61: =IF($A61="Verdadero o Falso Simple","Verdadero",IF($A61="Respuesta A/B/Ambas/Ninguna","A. Si la primera es verdadera",IF($A61="Verdadero o Falso Complejas","1. ",""))) | E61: =IF($A61="Verdadero o Falso Simple","Falso",IF($A61="Respuesta A/B/Ambas/Ninguna","B. Si la segunda es verdadera",IF($A61="Verdadero o Falso Complejas","2. ",""))) | F61: =IF($A61="Respuesta A/B/Ambas/Ninguna","C. Si ambas son verdaderas",IF($A61="Verdadero o Falso Complejas","3. ","")) | G61: =IF($A61="Respuesta A/B/Ambas/Ninguna","D. Si ninguna es verdadera",IF($A61="Verdadero o Falso Complejas","4. ","")) | H61: =IF($A61="Verdadero o Falso Simple","",IF($A61="Respuesta A/B/Ambas/Ninguna","",IF($A61="Verdadero o Falso Complejas","",""))) | J61: 3 | K61: 2P | L61: =IF(TRIM($A61)="","",IF(OR($A61="Selección de la mejor respuesta",$A61="SELECCION_MEJOR_RESPUESTA",$A61="Subítem de caso o problema",$A61="SUBITEM_CASO"),IF(TRIM($C61)="","Completar enunciado",IF(SUMPRODUCT(--(LEN(TRIM($D61:$H61&""))>0))<5,"Completar opciones A-E",IF(AND(TRIM($I61)<>"",OR(LEFT(TRIM($I61),1)="A",LEFT(TRIM($I61),1)="B",LEFT(TRIM($I61),1)="C",LEFT(TRIM($I61),1)="D",LEFT(TRIM($I61),1)="E")),"OK","Completar respuesta correcta A-E"))),IF(TRIM($A61)="","",IF(COUNTIF($Q61:$AJ61,"?*")=0,"OK","Falta revisar: "&$Q61&$R61&$S61&$T61&$U61&$V61&$W61&$X61&$Y61&$Z61&$AA61&$AB61&$AC61&$AD61&$AE61&$AF61&$AG61&$AH61&$AI61&$AJ61)))) | Q61: =IF(TRIM($C61)="","enunciado","") | R61: =IF(TRIM($K61)="",IF(COUNTIF($Q61:$Q61,"?*")>0,", ","")&"parcial","") | S61: =IF(AND(TRIM($K61)<>"",TRIM($K61)<>VALIDACIONES!$G$1),IF(COUNTIF($Q61:$R61,"?*")>0,", ","")&"parcial distinto a "&VALIDACIONES!$G$1,"") | T61: =IF(AND(OR($A61="Ítems agrupados por caso clínico o problema",$A61="Subítem de caso o problema",$A61="Emparejamiento Ampliado",$A61="Opción de Emparejamiento Ampliado"),TRIM($B61)=""),IF(COUNTIF($Q61:$S61,"?*")>0,", ","")&"grupo","") | U61: =IF(AND(OR($A61="Verdadero o Falso Simple",$A61="Respuesta A/B/Ambas/Ninguna",$A61="Verdadero o Falso Complejas",$A61="Selección de la mejor respuesta",$A61="Subítem de caso o problema",$A61="Opción de Emparejamiento Ampliado"),TRIM($I61)=""),IF(COUNTIF($Q61:$T61,"?*")>0,", ","")&"respuesta_correcta","") | V61: =IF(AND(OR($A61="Verdadero o Falso Simple",$A61="Respuesta A/B/Ambas/Ninguna",$A61="Verdadero o Falso Complejas",$A61="Selección de la mejor respuesta",$A61="Subítem de caso o problema",$A61="Opción de Emparejamiento Ampliado"),TRIM($J61)=""),IF(COUNTIF($Q61:$U61,"?*")>0,", ","")&"dificultad","") | W61: =IF(AND(OR($A61="Ítems agrupados por caso clínico o problema",$A61="Emparejamiento Ampliado"),TRIM($I61)<>""),IF(COUNTIF($Q61:$V61,"?*")>0,", ","")&"respuesta debe ir vacia","") | X61: =IF(AND(OR($A61="Ítems agrupados por caso clínico o problema",$A61="Emparejamiento Ampliado"),TRIM($J61)<>""),IF(COUNTIF($Q61:$W61,"?*")>0,", ","")&"dificultad debe ir vacia","") | Y61: =IF(AND($A61="Verdadero o Falso Simple",OR(COUNTIF($D61:$E61,"?*")<2,COUNTIF($F61:$H61,"?*")>0)),IF(COUNTIF($Q61:$X61,"?*")>0,", ","")&"incisos A-B","") | Z61: =IF(AND($A61="Verdadero o Falso Simple",TRIM($I61)<>"",NOT(OR(LEFT(TRIM($I61),1)="A",LEFT(TRIM($I61),1)="B"))),IF(COUNTIF($Q61:$Y61,"?*")>0,", ","")&"respuesta A-B","") | AA61: =IF(AND($A61="Respuesta A/B/Ambas/Ninguna",COUNTIF($D61:$G61,"?*")<4),IF(COUNTIF($Q61:$Z61,"?*")>0,", ","")&"opciones A-D","") | AB61: =IF(AND($A61="Respuesta A/B/Ambas/Ninguna",COUNTIF($H61:$H61,"?*")>0),IF(COUNTIF($Q61:$AA61,"?*")>0,", ","")&"opcion E deshabilitada","") | AC61: =IF(AND($A61="Respuesta A/B/Ambas/Ninguna",TRIM($I61)<>"",NOT(OR(LEFT(TRIM($I61),1)="A",LEFT(TRIM($I61),1)="B",LEFT(TRIM($I61),1)="C",LEFT(TRIM($I61),1)="D"))),IF(COUNTIF($Q61:$AB61,"?*")>0,", ","")&"respuesta A-D","") | AD61: =IF(AND($A61="Verdadero o Falso Complejas",OR(LEN(TRIM(SUBSTITUTE($D61,"1.","")))=0,LEN(TRIM(SUBSTITUTE($E61,"2.","")))=0,LEN(TRIM(SUBSTITUTE($F61,"3.","")))=0,LEN(TRIM(SUBSTITUTE($G61,"4.","")))=0)),IF(COUNTIF($Q61:$AC61,"?*")>0,", ","")&"incisos 1-4","") | AE61: =IF(AND($A61="Verdadero o Falso Complejas",COUNTIF($H61:$H61,"?*")>0),IF(COUNTIF($Q61:$AD61,"?*")>0,", ","")&"opcion E deshabilitada","") | AF61: =IF(AND($A61="Verdadero o Falso Complejas",TRIM($I61)<>"",NOT(OR(LEFT(TRIM($I61),1)="A",LEFT(TRIM($I61),1)="B",LEFT(TRIM($I61),1)="C",LEFT(TRIM($I61),1)="D",LEFT(TRIM($I61),1)="E"))),IF(COUNTIF($Q61:$AE61,"?*")>0,", ","")&"respuesta A-E","") | AG61: =IF(AND(OR($A61="Selección de la mejor respuesta",$A61="Subítem de caso o problema"),COUNTA($D61:$H61)<5),IF(COUNTIF($Q61:$AF61,"?*")>0,", ","")&"incisos A-E","") | AH61: =IF(AND(OR($A61="Selección de la mejor respuesta",$A61="Subítem de caso o problema"),TRIM($I61)<>"",NOT(OR(LEFT(TRIM($I61),1)="A",LEFT(TRIM($I61),1)="B",LEFT(TRIM($I61),1)="C",LEFT(TRIM($I61),1)="D",LEFT(TRIM($I61),1)="E"))),IF(COUNTIF($Q61:$AG61,"?*")>0,", ","")&"respuesta A-E","") | AI61: =IF(AND(OR($A61="Ítems agrupados por caso clínico o problema",$A61="Opción de Emparejamiento Ampliado"),COUNTIF($D61:$H61,"?*")>0),IF(COUNTIF($Q61:$AH61,"?*")>0,", ","")&"sin incisos","") | AJ61: =IF(AND($A61="Emparejamiento Ampliado",COUNTIF($D61:$H61,"?*")<2),IF(COUNTIF($Q61:$AI61,"?*")>0,", ","")&"minimo 2 claves","") | AK61: =IF(AND($A61="Opción de Emparejamiento Ampliado",NOT(OR(LEFT(TRIM($I61),1)="A",LEFT(TRIM($I61),1)="B",LEFT(TRIM($I61),1)="C",LEFT(TRIM($I61),1)="D",LEFT(TRIM($I61),1)="E"))),IF(COUNTIF($Q61:$AJ61,"?*")>0,", ","")&"respuesta A-E","") | AL61: =IF(TRIM($K61)="",IF(COUNTIF($M61:$M61,"?*")>0,", ","")&"parcial","") | AM61: =IF(AND(TRIM($K61)<>"",TRIM($K61)<>VALIDACIONES!$G$1),IF(COUNTIF($M61:$N61,"?*")>0,", ","")&"parcial distinto a "&VALIDACIONES!$G$1,"") | AN61: =IF(AND(OR($A61="Ítems agrupados por caso clínico o problema",$A61="Subítem de caso o problema",$A61="Emparejamiento Ampliado",$A61="Opción de Emparejamiento Ampliado"),TRIM($B61)=""),IF(COUNTIF($M61:$O61,"?*")>0,", ","")&"grupo","")
D62: =IF($A62="Verdadero o Falso Simple","Verdadero",IF($A62="Respuesta A/B/Ambas/Ninguna","A. Si la primera es verdadera",IF($A62="Verdadero o Falso Complejas","1. ",""))) | E62: =IF($A62="Verdadero o Falso Simple","Falso",IF($A62="Respuesta A/B/Ambas/Ninguna","B. Si la segunda es verdadera",IF($A62="Verdadero o Falso Complejas","2. ",""))) | F62: =IF($A62="Respuesta A/B/Ambas/Ninguna","C. Si ambas son verdaderas",IF($A62="Verdadero o Falso Complejas","3. ","")) | G62: =IF($A62="Respuesta A/B/Ambas/Ninguna","D. Si ninguna es verdadera",IF($A62="Verdadero o Falso Complejas","4. ","")) | H62: =IF($A62="Verdadero o Falso Simple","",IF($A62="Respuesta A/B/Ambas/Ninguna","",IF($A62="Verdadero o Falso Complejas","",""))) | K62: =IF(TRIM($A62)="","",VALIDACIONES!$G$1) | L62: =IF(TRIM($A62)="","",IF(OR($A62="Selección de la mejor respuesta",$A62="SELECCION_MEJOR_RESPUESTA",$A62="Subítem de caso o problema",$A62="SUBITEM_CASO"),IF(TRIM($C62)="","Completar enunciado",IF(SUMPRODUCT(--(LEN(TRIM($D62:$H62&""))>0))<5,"Completar opciones A-E",IF(AND(TRIM($I62)<>"",OR(LEFT(TRIM($I62),1)="A",LEFT(TRIM($I62),1)="B",LEFT(TRIM($I62),1)="C",LEFT(TRIM($I62),1)="D",LEFT(TRIM($I62),1)="E")),"OK","Completar respuesta correcta A-E"))),IF(TRIM($A62)="","",IF(COUNTIF($Q62:$AJ62,"?*")=0,"OK","Falta revisar: "&$Q62&$R62&$S62&$T62&$U62&$V62&$W62&$X62&$Y62&$Z62&$AA62&$AB62&$AC62&$AD62&$AE62&$AF62&$AG62&$AH62&$AI62&$AJ62)))) | Q62: =IF(TRIM($C62)="","enunciado","") | R62: =IF(TRIM($K62)="",IF(COUNTIF($Q62:$Q62,"?*")>0,", ","")&"parcial","") | S62: =IF(AND(TRIM($K62)<>"",TRIM($K62)<>VALIDACIONES!$G$1),IF(COUNTIF($Q62:$R62,"?*")>0,", ","")&"parcial distinto a "&VALIDACIONES!$G$1,"") | T62: =IF(AND(OR($A62="Ítems agrupados por caso clínico o problema",$A62="Subítem de caso o problema",$A62="Emparejamiento Ampliado",$A62="Opción de Emparejamiento Ampliado"),TRIM($B62)=""),IF(COUNTIF($Q62:$S62,"?*")>0,", ","")&"grupo","") | U62: =IF(AND(OR($A62="Verdadero o Falso Simple",$A62="Respuesta A/B/Ambas/Ninguna",$A62="Verdadero o Falso Complejas",$A62="Selección de la mejor respuesta",$A62="Subítem de caso o problema",$A62="Opción de Emparejamiento Ampliado"),TRIM($I62)=""),IF(COUNTIF($Q62:$T62,"?*")>0,", ","")&"respuesta_correcta","") | V62: =IF(AND(OR($A62="Verdadero o Falso Simple",$A62="Respuesta A/B/Ambas/Ninguna",$A62="Verdadero o Falso Complejas",$A62="Selección de la mejor respuesta",$A62="Subítem de caso o problema",$A62="Opción de Emparejamiento Ampliado"),TRIM($J62)=""),IF(COUNTIF($Q62:$U62,"?*")>0,", ","")&"dificultad","") | W62: =IF(AND(OR($A62="Ítems agrupados por caso clínico o problema",$A62="Emparejamiento Ampliado"),TRIM($I62)<>""),IF(COUNTIF($Q62:$V62,"?*")>0,", ","")&"respuesta debe ir vacia","") | X62: =IF(AND(OR($A62="Ítems agrupados por caso clínico o problema",$A62="Emparejamiento Ampliado"),TRIM($J62)<>""),IF(COUNTIF($Q62:$W62,"?*")>0,", ","")&"dificultad debe ir vacia","") | Y62: =IF(AND($A62="Verdadero o Falso Simple",OR(COUNTIF($D62:$E62,"?*")<2,COUNTIF($F62:$H62,"?*")>0)),IF(COUNTIF($Q62:$X62,"?*")>0,", ","")&"incisos A-B","") | Z62: =IF(AND($A62="Verdadero o Falso Simple",TRIM($I62)<>"",NOT(OR(LEFT(TRIM($I62),1)="A",LEFT(TRIM($I62),1)="B"))),IF(COUNTIF($Q62:$Y62,"?*")>0,", ","")&"respuesta A-B","") | AA62: =IF(AND($A62="Respuesta A/B/Ambas/Ninguna",COUNTIF($D62:$G62,"?*")<4),IF(COUNTIF($Q62:$Z62,"?*")>0,", ","")&"opciones A-D","") | AB62: =IF(AND($A62="Respuesta A/B/Ambas/Ninguna",COUNTIF($H62:$H62,"?*")>0),IF(COUNTIF($Q62:$AA62,"?*")>0,", ","")&"opcion E deshabilitada","") | AC62: =IF(AND($A62="Respuesta A/B/Ambas/Ninguna",TRIM($I62)<>"",NOT(OR(LEFT(TRIM($I62),1)="A",LEFT(TRIM($I62),1)="B",LEFT(TRIM($I62),1)="C",LEFT(TRIM($I62),1)="D"))),IF(COUNTIF($Q62:$AB62,"?*")>0,", ","")&"respuesta A-D","") | AD62: =IF(AND($A62="Verdadero o Falso Complejas",OR(LEN(TRIM(SUBSTITUTE($D62,"1.","")))=0,LEN(TRIM(SUBSTITUTE($E62,"2.","")))=0,LEN(TRIM(SUBSTITUTE($F62,"3.","")))=0,LEN(TRIM(SUBSTITUTE($G62,"4.","")))=0)),IF(COUNTIF($Q62:$AC62,"?*")>0,", ","")&"incisos 1-4","") | AE62: =IF(AND($A62="Verdadero o Falso Complejas",COUNTIF($H62:$H62,"?*")>0),IF(COUNTIF($Q62:$AD62,"?*")>0,", ","")&"opcion E deshabilitada","") | AF62: =IF(AND($A62="Verdadero o Falso Complejas",TRIM($I62)<>"",NOT(OR(LEFT(TRIM($I62),1)="A",LEFT(TRIM($I62),1)="B",LEFT(TRIM($I62),1)="C",LEFT(TRIM($I62),1)="D",LEFT(TRIM($I62),1)="E"))),IF(COUNTIF($Q62:$AE62,"?*")>0,", ","")&"respuesta A-E","") | AG62: =IF(AND(OR($A62="Selección de la mejor respuesta",$A62="Subítem de caso o problema"),COUNTA($D62:$H62)<5),IF(COUNTIF($Q62:$AF62,"?*")>0,", ","")&"incisos A-E","") | AH62: =IF(AND(OR($A62="Selección de la mejor respuesta",$A62="Subítem de caso o problema"),TRIM($I62)<>"",NOT(OR(LEFT(TRIM($I62),1)="A",LEFT(TRIM($I62),1)="B",LEFT(TRIM($I62),1)="C",LEFT(TRIM($I62),1)="D",LEFT(TRIM($I62),1)="E"))),IF(COUNTIF($Q62:$AG62,"?*")>0,", ","")&"respuesta A-E","") | AI62: =IF(AND(OR($A62="Ítems agrupados por caso clínico o problema",$A62="Opción de Emparejamiento Ampliado"),COUNTIF($D62:$H62,"?*")>0),IF(COUNTIF($Q62:$AH62,"?*")>0,", ","")&"sin incisos","") | AJ62: =IF(AND($A62="Emparejamiento Ampliado",COUNTIF($D62:$H62,"?*")<2),IF(COUNTIF($Q62:$AI62,"?*")>0,", ","")&"minimo 2 claves","") | AK62: =IF(AND($A62="Opción de Emparejamiento Ampliado",NOT(OR(LEFT(TRIM($I62),1)="A",LEFT(TRIM($I62),1)="B",LEFT(TRIM($I62),1)="C",LEFT(TRIM($I62),1)="D",LEFT(TRIM($I62),1)="E"))),IF(COUNTIF($Q62:$AJ62,"?*")>0,", ","")&"respuesta A-E","") | AL62: =IF(TRIM($K62)="",IF(COUNTIF($M62:$M62,"?*")>0,", ","")&"parcial","") | AM62: =IF(AND(TRIM($K62)<>"",TRIM($K62)<>VALIDACIONES!$G$1),IF(COUNTIF($M62:$N62,"?*")>0,", ","")&"parcial distinto a "&VALIDACIONES!$G$1,"")
D63: =IF($A63="Verdadero o Falso Simple","Verdadero",IF($A63="Respuesta A/B/Ambas/Ninguna","A. Si la primera es verdadera",IF($A63="Verdadero o Falso Complejas","1. ",""))) | E63: =IF($A63="Verdadero o Falso Simple","Falso",IF($A63="Respuesta A/B/Ambas/Ninguna","B. Si la segunda es verdadera",IF($A63="Verdadero o Falso Complejas","2. ",""))) | F63: =IF($A63="Respuesta A/B/Ambas/Ninguna","C. Si ambas son verdaderas",IF($A63="Verdadero o Falso Complejas","3. ","")) | G63: =IF($A63="Respuesta A/B/Ambas/Ninguna","D. Si ninguna es verdadera",IF($A63="Verdadero o Falso Complejas","4. ","")) | H63: =IF($A63="Verdadero o Falso Simple","",IF($A63="Respuesta A/B/Ambas/Ninguna","",IF($A63="Verdadero o Falso Complejas","",""))) | K63: =IF(TRIM($A63)="","",VALIDACIONES!$G$1) | L63: =IF(TRIM($A63)="","",IF(OR($A63="Selección de la mejor respuesta",$A63="SELECCION_MEJOR_RESPUESTA",$A63="Subítem de caso o problema",$A63="SUBITEM_CASO"),IF(TRIM($C63)="","Completar enunciado",IF(SUMPRODUCT(--(LEN(TRIM($D63:$H63&""))>0))<5,"Completar opciones A-E",IF(AND(TRIM($I63)<>"",OR(LEFT(TRIM($I63),1)="A",LEFT(TRIM($I63),1)="B",LEFT(TRIM($I63),1)="C",LEFT(TRIM($I63),1)="D",LEFT(TRIM($I63),1)="E")),"OK","Completar respuesta correcta A-E"))),IF(TRIM($A63)="","",IF(COUNTIF($Q63:$AJ63,"?*")=0,"OK","Falta revisar: "&$Q63&$R63&$S63&$T63&$U63&$V63&$W63&$X63&$Y63&$Z63&$AA63&$AB63&$AC63&$AD63&$AE63&$AF63&$AG63&$AH63&$AI63&$AJ63)))) | Q63: =IF(TRIM($C63)="","enunciado","") | R63: =IF(TRIM($K63)="",IF(COUNTIF($Q63:$Q63,"?*")>0,", ","")&"parcial","") | S63: =IF(AND(TRIM($K63)<>"",TRIM($K63)<>VALIDACIONES!$G$1),IF(COUNTIF($Q63:$R63,"?*")>0,", ","")&"parcial distinto a "&VALIDACIONES!$G$1,"") | T63: =IF(AND(OR($A63="Ítems agrupados por caso clínico o problema",$A63="Subítem de caso o problema",$A63="Emparejamiento Ampliado",$A63="Opción de Emparejamiento Ampliado"),TRIM($B63)=""),IF(COUNTIF($Q63:$S63,"?*")>0,", ","")&"grupo","") | U63: =IF(AND(OR($A63="Verdadero o Falso Simple",$A63="Respuesta A/B/Ambas/Ninguna",$A63="Verdadero o Falso Complejas",$A63="Selección de la mejor respuesta",$A63="Subítem de caso o problema",$A63="Opción de Emparejamiento Ampliado"),TRIM($I63)=""),IF(COUNTIF($Q63:$T63,"?*")>0,", ","")&"respuesta_correcta","") | V63: =IF(AND(OR($A63="Verdadero o Falso Simple",$A63="Respuesta A/B/Ambas/Ninguna",$A63="Verdadero o Falso Complejas",$A63="Selección de la mejor respuesta",$A63="Subítem de caso o problema",$A63="Opción de Emparejamiento Ampliado"),TRIM($J63)=""),IF(COUNTIF($Q63:$U63,"?*")>0,", ","")&"dificultad","") | W63: =IF(AND(OR($A63="Ítems agrupados por caso clínico o problema",$A63="Emparejamiento Ampliado"),TRIM($I63)<>""),IF(COUNTIF($Q63:$V63,"?*")>0,", ","")&"respuesta debe ir vacia","") | X63: =IF(AND(OR($A63="Ítems agrupados por caso clínico o problema",$A63="Emparejamiento Ampliado"),TRIM($J63)<>""),IF(COUNTIF($Q63:$W63,"?*")>0,", ","")&"dificultad debe ir vacia","") | Y63: =IF(AND($A63="Verdadero o Falso Simple",OR(COUNTIF($D63:$E63,"?*")<2,COUNTIF($F63:$H63,"?*")>0)),IF(COUNTIF($Q63:$X63,"?*")>0,", ","")&"incisos A-B","") | Z63: =IF(AND($A63="Verdadero o Falso Simple",TRIM($I63)<>"",NOT(OR(LEFT(TRIM($I63),1)="A",LEFT(TRIM($I63),1)="B"))),IF(COUNTIF($Q63:$Y63,"?*")>0,", ","")&"respuesta A-B","") | AA63: =IF(AND($A63="Respuesta A/B/Ambas/Ninguna",COUNTIF($D63:$G63,"?*")<4),IF(COUNTIF($Q63:$Z63,"?*")>0,", ","")&"opciones A-D","") | AB63: =IF(AND($A63="Respuesta A/B/Ambas/Ninguna",COUNTIF($H63:$H63,"?*")>0),IF(COUNTIF($Q63:$AA63,"?*")>0,", ","")&"opcion E deshabilitada","") | AC63: =IF(AND($A63="Respuesta A/B/Ambas/Ninguna",TRIM($I63)<>"",NOT(OR(LEFT(TRIM($I63),1)="A",LEFT(TRIM($I63),1)="B",LEFT(TRIM($I63),1)="C",LEFT(TRIM($I63),1)="D"))),IF(COUNTIF($Q63:$AB63,"?*")>0,", ","")&"respuesta A-D","") | AD63: =IF(AND($A63="Verdadero o Falso Complejas",OR(LEN(TRIM(SUBSTITUTE($D63,"1.","")))=0,LEN(TRIM(SUBSTITUTE($E63,"2.","")))=0,LEN(TRIM(SUBSTITUTE($F63,"3.","")))=0,LEN(TRIM(SUBSTITUTE($G63,"4.","")))=0)),IF(COUNTIF($Q63:$AC63,"?*")>0,", ","")&"incisos 1-4","") | AE63: =IF(AND($A63="Verdadero o Falso Complejas",COUNTIF($H63:$H63,"?*")>0),IF(COUNTIF($Q63:$AD63,"?*")>0,", ","")&"opcion E deshabilitada","") | AF63: =IF(AND($A63="Verdadero o Falso Complejas",TRIM($I63)<>"",NOT(OR(LEFT(TRIM($I63),1)="A",LEFT(TRIM($I63),1)="B",LEFT(TRIM($I63),1)="C",LEFT(TRIM($I63),1)="D",LEFT(TRIM($I63),1)="E"))),IF(COUNTIF($Q63:$AE63,"?*")>0,", ","")&"respuesta A-E","") | AG63: =IF(AND(OR($A63="Selección de la mejor respuesta",$A63="Subítem de caso o problema"),COUNTA($D63:$H63)<5),IF(COUNTIF($Q63:$AF63,"?*")>0,", ","")&"incisos A-E","") | AH63: =IF(AND(OR($A63="Selección de la mejor respuesta",$A63="Subítem de caso o problema"),TRIM($I63)<>"",NOT(OR(LEFT(TRIM($I63),1)="A",LEFT(TRIM($I63),1)="B",LEFT(TRIM($I63),1)="C",LEFT(TRIM($I63),1)="D",LEFT(TRIM($I63),1)="E"))),IF(COUNTIF($Q63:$AG63,"?*")>0,", ","")&"respuesta A-E","") | AI63: =IF(AND(OR($A63="Ítems agrupados por caso clínico o problema",$A63="Opción de Emparejamiento Ampliado"),COUNTIF($D63:$H63,"?*")>0),IF(COUNTIF($Q63:$AH63,"?*")>0,", ","")&"sin incisos","") | AJ63: =IF(AND($A63="Emparejamiento Ampliado",COUNTIF($D63:$H63,"?*")<2),IF(COUNTIF($Q63:$AI63,"?*")>0,", ","")&"minimo 2 claves","") | AK63: =IF(AND($A63="Opción de Emparejamiento Ampliado",NOT(OR(LEFT(TRIM($I63),1)="A",LEFT(TRIM($I63),1)="B",LEFT(TRIM($I63),1)="C",LEFT(TRIM($I63),1)="D",LEFT(TRIM($I63),1)="E"))),IF(COUNTIF($Q63:$AJ63,"?*")>0,", ","")&"respuesta A-E","") | AL63: =IF(TRIM($K63)="",IF(COUNTIF($M63:$M63,"?*")>0,", ","")&"parcial","") | AM63: =IF(AND(TRIM($K63)<>"",TRIM($K63)<>VALIDACIONES!$G$1),IF(COUNTIF($M63:$N63,"?*")>0,", ","")&"parcial distinto a "&VALIDACIONES!$G$1,"")
D64: =IF($A64="Verdadero o Falso Simple","Verdadero",IF($A64="Respuesta A/B/Ambas/Ninguna","A. Si la primera es verdadera",IF($A64="Verdadero o Falso Complejas","1. ",""))) | E64: =IF($A64="Verdadero o Falso Simple","Falso",IF($A64="Respuesta A/B/Ambas/Ninguna","B. Si la segunda es verdadera",IF($A64="Verdadero o Falso Complejas","2. ",""))) | F64: =IF($A64="Respuesta A/B/Ambas/Ninguna","C. Si ambas son verdaderas",IF($A64="Verdadero o Falso Complejas","3. ","")) | G64: =IF($A64="Respuesta A/B/Ambas/Ninguna","D. Si ninguna es verdadera",IF($A64="Verdadero o Falso Complejas","4. ","")) | H64: =IF($A64="Verdadero o Falso Simple","",IF($A64="Respuesta A/B/Ambas/Ninguna","",IF($A64="Verdadero o Falso Complejas","",""))) | K64: =IF(TRIM($A64)="","",VALIDACIONES!$G$1) | L64: =IF(TRIM($A64)="","",IF(OR($A64="Selección de la mejor respuesta",$A64="SELECCION_MEJOR_RESPUESTA",$A64="Subítem de caso o problema",$A64="SUBITEM_CASO"),IF(TRIM($C64)="","Completar enunciado",IF(SUMPRODUCT(--(LEN(TRIM($D64:$H64&""))>0))<5,"Completar opciones A-E",IF(AND(TRIM($I64)<>"",OR(LEFT(TRIM($I64),1)="A",LEFT(TRIM($I64),1)="B",LEFT(TRIM($I64),1)="C",LEFT(TRIM($I64),1)="D",LEFT(TRIM($I64),1)="E")),"OK","Completar respuesta correcta A-E"))),IF(TRIM($A64)="","",IF(COUNTIF($Q64:$AJ64,"?*")=0,"OK","Falta revisar: "&$Q64&$R64&$S64&$T64&$U64&$V64&$W64&$X64&$Y64&$Z64&$AA64&$AB64&$AC64&$AD64&$AE64&$AF64&$AG64&$AH64&$AI64&$AJ64)))) | Q64: =IF(TRIM($C64)="","enunciado","") | R64: =IF(TRIM($K64)="",IF(COUNTIF($Q64:$Q64,"?*")>0,", ","")&"parcial","") | S64: =IF(AND(TRIM($K64)<>"",TRIM($K64)<>VALIDACIONES!$G$1),IF(COUNTIF($Q64:$R64,"?*")>0,", ","")&"parcial distinto a "&VALIDACIONES!$G$1,"") | T64: =IF(AND(OR($A64="Ítems agrupados por caso clínico o problema",$A64="Subítem de caso o problema",$A64="Emparejamiento Ampliado",$A64="Opción de Emparejamiento Ampliado"),TRIM($B64)=""),IF(COUNTIF($Q64:$S64,"?*")>0,", ","")&"grupo","") | U64: =IF(AND(OR($A64="Verdadero o Falso Simple",$A64="Respuesta A/B/Ambas/Ninguna",$A64="Verdadero o Falso Complejas",$A64="Selección de la mejor respuesta",$A64="Subítem de caso o problema",$A64="Opción de Emparejamiento Ampliado"),TRIM($I64)=""),IF(COUNTIF($Q64:$T64,"?*")>0,", ","")&"respuesta_correcta","") | V64: =IF(AND(OR($A64="Verdadero o Falso Simple",$A64="Respuesta A/B/Ambas/Ninguna",$A64="Verdadero o Falso Complejas",$A64="Selección de la mejor respuesta",$A64="Subítem de caso o problema",$A64="Opción de Emparejamiento Ampliado"),TRIM($J64)=""),IF(COUNTIF($Q64:$U64,"?*")>0,", ","")&"dificultad","") | W64: =IF(AND(OR($A64="Ítems agrupados por caso clínico o problema",$A64="Emparejamiento Ampliado"),TRIM($I64)<>""),IF(COUNTIF($Q64:$V64,"?*")>0,", ","")&"respuesta debe ir vacia","") | X64: =IF(AND(OR($A64="Ítems agrupados por caso clínico o problema",$A64="Emparejamiento Ampliado"),TRIM($J64)<>""),IF(COUNTIF($Q64:$W64,"?*")>0,", ","")&"dificultad debe ir vacia","") | Y64: =IF(AND($A64="Verdadero o Falso Simple",OR(COUNTIF($D64:$E64,"?*")<2,COUNTIF($F64:$H64,"?*")>0)),IF(COUNTIF($Q64:$X64,"?*")>0,", ","")&"incisos A-B","") | Z64: =IF(AND($A64="Verdadero o Falso Simple",TRIM($I64)<>"",NOT(OR(LEFT(TRIM($I64),1)="A",LEFT(TRIM($I64),1)="B"))),IF(COUNTIF($Q64:$Y64,"?*")>0,", ","")&"respuesta A-B","") | AA64: =IF(AND($A64="Respuesta A/B/Ambas/Ninguna",COUNTIF($D64:$G64,"?*")<4),IF(COUNTIF($Q64:$Z64,"?*")>0,", ","")&"opciones A-D","") | AB64: =IF(AND($A64="Respuesta A/B/Ambas/Ninguna",COUNTIF($H64:$H64,"?*")>0),IF(COUNTIF($Q64:$AA64,"?*")>0,", ","")&"opcion E deshabilitada","") | AC64: =IF(AND($A64="Respuesta A/B/Ambas/Ninguna",TRIM($I64)<>"",NOT(OR(LEFT(TRIM($I64),1)="A",LEFT(TRIM($I64),1)="B",LEFT(TRIM($I64),1)="C",LEFT(TRIM($I64),1)="D"))),IF(COUNTIF($Q64:$AB64,"?*")>0,", ","")&"respuesta A-D","") | AD64: =IF(AND($A64="Verdadero o Falso Complejas",OR(LEN(TRIM(SUBSTITUTE($D64,"1.","")))=0,LEN(TRIM(SUBSTITUTE($E64,"2.","")))=0,LEN(TRIM(SUBSTITUTE($F64,"3.","")))=0,LEN(TRIM(SUBSTITUTE($G64,"4.","")))=0)),IF(COUNTIF($Q64:$AC64,"?*")>0,", ","")&"incisos 1-4","") | AE64: =IF(AND($A64="Verdadero o Falso Complejas",COUNTIF($H64:$H64,"?*")>0),IF(COUNTIF($Q64:$AD64,"?*")>0,", ","")&"opcion E deshabilitada","") | AF64: =IF(AND($A64="Verdadero o Falso Complejas",TRIM($I64)<>"",NOT(OR(LEFT(TRIM($I64),1)="A",LEFT(TRIM($I64),1)="B",LEFT(TRIM($I64),1)="C",LEFT(TRIM($I64),1)="D",LEFT(TRIM($I64),1)="E"))),IF(COUNTIF($Q64:$AE64,"?*")>0,", ","")&"respuesta A-E","") | AG64: =IF(AND(OR($A64="Selección de la mejor respuesta",$A64="Subítem de caso o problema"),COUNTA($D64:$H64)<5),IF(COUNTIF($Q64:$AF64,"?*")>0,", ","")&"incisos A-E","") | AH64: =IF(AND(OR($A64="Selección de la mejor respuesta",$A64="Subítem de caso o problema"),TRIM($I64)<>"",NOT(OR(LEFT(TRIM($I64),1)="A",LEFT(TRIM($I64),1)="B",LEFT(TRIM($I64),1)="C",LEFT(TRIM($I64),1)="D",LEFT(TRIM($I64),1)="E"))),IF(COUNTIF($Q64:$AG64,"?*")>0,", ","")&"respuesta A-E","") | AI64: =IF(AND(OR($A64="Ítems agrupados por caso clínico o problema",$A64="Opción de Emparejamiento Ampliado"),COUNTIF($D64:$H64,"?*")>0),IF(COUNTIF($Q64:$AH64,"?*")>0,", ","")&"sin incisos","") | AJ64: =IF(AND($A64="Emparejamiento Ampliado",COUNTIF($D64:$H64,"?*")<2),IF(COUNTIF($Q64:$AI64,"?*")>0,", ","")&"minimo 2 claves","") | AK64: =IF(AND($A64="Opción de Emparejamiento Ampliado",NOT(OR(LEFT(TRIM($I64),1)="A",LEFT(TRIM($I64),1)="B",LEFT(TRIM($I64),1)="C",LEFT(TRIM($I64),1)="D",LEFT(TRIM($I64),1)="E"))),IF(COUNTIF($Q64:$AJ64,"?*")>0,", ","")&"respuesta A-E","") | AL64: =IF(TRIM($K64)="",IF(COUNTIF($M64:$M64,"?*")>0,", ","")&"parcial","") | AM64: =IF(AND(TRIM($K64)<>"",TRIM($K64)<>VALIDACIONES!$G$1),IF(COUNTIF($M64:$N64,"?*")>0,", ","")&"parcial distinto a "&VALIDACIONES!$G$1,"")
D65: =IF($A65="Verdadero o Falso Simple","Verdadero",IF($A65="Respuesta A/B/Ambas/Ninguna","A. Si la primera es verdadera",IF($A65="Verdadero o Falso Complejas","1. ",""))) | E65: =IF($A65="Verdadero o Falso Simple","Falso",IF($A65="Respuesta A/B/Ambas/Ninguna","B. Si la segunda es verdadera",IF($A65="Verdadero o Falso Complejas","2. ",""))) | F65: =IF($A65="Respuesta A/B/Ambas/Ninguna","C. Si ambas son verdaderas",IF($A65="Verdadero o Falso Complejas","3. ","")) | G65: =IF($A65="Respuesta A/B/Ambas/Ninguna","D. Si ninguna es verdadera",IF($A65="Verdadero o Falso Complejas","4. ","")) | H65: =IF($A65="Verdadero o Falso Simple","",IF($A65="Respuesta A/B/Ambas/Ninguna","",IF($A65="Verdadero o Falso Complejas","",""))) | K65: =IF(TRIM($A65)="","",VALIDACIONES!$G$1) | L65: =IF(TRIM($A65)="","",IF(OR($A65="Selección de la mejor respuesta",$A65="SELECCION_MEJOR_RESPUESTA",$A65="Subítem de caso o problema",$A65="SUBITEM_CASO"),IF(TRIM($C65)="","Completar enunciado",IF(SUMPRODUCT(--(LEN(TRIM($D65:$H65&""))>0))<5,"Completar opciones A-E",IF(AND(TRIM($I65)<>"",OR(LEFT(TRIM($I65),1)="A",LEFT(TRIM($I65),1)="B",LEFT(TRIM($I65),1)="C",LEFT(TRIM($I65),1)="D",LEFT(TRIM($I65),1)="E")),"OK","Completar respuesta correcta A-E"))),IF(TRIM($A65)="","",IF(COUNTIF($Q65:$AJ65,"?*")=0,"OK","Falta revisar: "&$Q65&$R65&$S65&$T65&$U65&$V65&$W65&$X65&$Y65&$Z65&$AA65&$AB65&$AC65&$AD65&$AE65&$AF65&$AG65&$AH65&$AI65&$AJ65)))) | Q65: =IF(TRIM($C65)="","enunciado","") | R65: =IF(TRIM($K65)="",IF(COUNTIF($Q65:$Q65,"?*")>0,", ","")&"parcial","") | S65: =IF(AND(TRIM($K65)<>"",TRIM($K65)<>VALIDACIONES!$G$1),IF(COUNTIF($Q65:$R65,"?*")>0,", ","")&"parcial distinto a "&VALIDACIONES!$G$1,"") | T65: =IF(AND(OR($A65="Ítems agrupados por caso clínico o problema",$A65="Subítem de caso o problema",$A65="Emparejamiento Ampliado",$A65="Opción de Emparejamiento Ampliado"),TRIM($B65)=""),IF(COUNTIF($Q65:$S65,"?*")>0,", ","")&"grupo","") | U65: =IF(AND(OR($A65="Verdadero o Falso Simple",$A65="Respuesta A/B/Ambas/Ninguna",$A65="Verdadero o Falso Complejas",$A65="Selección de la mejor respuesta",$A65="Subítem de caso o problema",$A65="Opción de Emparejamiento Ampliado"),TRIM($I65)=""),IF(COUNTIF($Q65:$T65,"?*")>0,", ","")&"respuesta_correcta","") | V65: =IF(AND(OR($A65="Verdadero o Falso Simple",$A65="Respuesta A/B/Ambas/Ninguna",$A65="Verdadero o Falso Complejas",$A65="Selección de la mejor respuesta",$A65="Subítem de caso o problema",$A65="Opción de Emparejamiento Ampliado"),TRIM($J65)=""),IF(COUNTIF($Q65:$U65,"?*")>0,", ","")&"dificultad","") | W65: =IF(AND(OR($A65="Ítems agrupados por caso clínico o problema",$A65="Emparejamiento Ampliado"),TRIM($I65)<>""),IF(COUNTIF($Q65:$V65,"?*")>0,", ","")&"respuesta debe ir vacia","") | X65: =IF(AND(OR($A65="Ítems agrupados por caso clínico o problema",$A65="Emparejamiento Ampliado"),TRIM($J65)<>""),IF(COUNTIF($Q65:$W65,"?*")>0,", ","")&"dificultad debe ir vacia","") | Y65: =IF(AND($A65="Verdadero o Falso Simple",OR(COUNTIF($D65:$E65,"?*")<2,COUNTIF($F65:$H65,"?*")>0)),IF(COUNTIF($Q65:$X65,"?*")>0,", ","")&"incisos A-B","") | Z65: =IF(AND($A65="Verdadero o Falso Simple",TRIM($I65)<>"",NOT(OR(LEFT(TRIM($I65),1)="A",LEFT(TRIM($I65),1)="B"))),IF(COUNTIF($Q65:$Y65,"?*")>0,", ","")&"respuesta A-B","") | AA65: =IF(AND($A65="Respuesta A/B/Ambas/Ninguna",COUNTIF($D65:$G65,"?*")<4),IF(COUNTIF($Q65:$Z65,"?*")>0,", ","")&"opciones A-D","") | AB65: =IF(AND($A65="Respuesta A/B/Ambas/Ninguna",COUNTIF($H65:$H65,"?*")>0),IF(COUNTIF($Q65:$AA65,"?*")>0,", ","")&"opcion E deshabilitada","") | AC65: =IF(AND($A65="Respuesta A/B/Ambas/Ninguna",TRIM($I65)<>"",NOT(OR(LEFT(TRIM($I65),1)="A",LEFT(TRIM($I65),1)="B",LEFT(TRIM($I65),1)="C",LEFT(TRIM($I65),1)="D"))),IF(COUNTIF($Q65:$AB65,"?*")>0,", ","")&"respuesta A-D","") | AD65: =IF(AND($A65="Verdadero o Falso Complejas",OR(LEN(TRIM(SUBSTITUTE($D65,"1.","")))=0,LEN(TRIM(SUBSTITUTE($E65,"2.","")))=0,LEN(TRIM(SUBSTITUTE($F65,"3.","")))=0,LEN(TRIM(SUBSTITUTE($G65,"4.","")))=0)),IF(COUNTIF($Q65:$AC65,"?*")>0,", ","")&"incisos 1-4","") | AE65: =IF(AND($A65="Verdadero o Falso Complejas",COUNTIF($H65:$H65,"?*")>0),IF(COUNTIF($Q65:$AD65,"?*")>0,", ","")&"opcion E deshabilitada","") | AF65: =IF(AND($A65="Verdadero o Falso Complejas",TRIM($I65)<>"",NOT(OR(LEFT(TRIM($I65),1)="A",LEFT(TRIM($I65),1)="B",LEFT(TRIM($I65),1)="C",LEFT(TRIM($I65),1)="D",LEFT(TRIM($I65),1)="E"))),IF(COUNTIF($Q65:$AE65,"?*")>0,", ","")&"respuesta A-E","") | AG65: =IF(AND(OR($A65="Selección de la mejor respuesta",$A65="Subítem de caso o problema"),COUNTA($D65:$H65)<5),IF(COUNTIF($Q65:$AF65,"?*")>0,", ","")&"incisos A-E","") | AH65: =IF(AND(OR($A65="Selección de la mejor respuesta",$A65="Subítem de caso o problema"),TRIM($I65)<>"",NOT(OR(LEFT(TRIM($I65),1)="A",LEFT(TRIM($I65),1)="B",LEFT(TRIM($I65),1)="C",LEFT(TRIM($I65),1)="D",LEFT(TRIM($I65),1)="E"))),IF(COUNTIF($Q65:$AG65,"?*")>0,", ","")&"respuesta A-E","") | AI65: =IF(AND(OR($A65="Ítems agrupados por caso clínico o problema",$A65="Opción de Emparejamiento Ampliado"),COUNTIF($D65:$H65,"?*")>0),IF(COUNTIF($Q65:$AH65,"?*")>0,", ","")&"sin incisos","") | AJ65: =IF(AND($A65="Emparejamiento Ampliado",COUNTIF($D65:$H65,"?*")<2),IF(COUNTIF($Q65:$AI65,"?*")>0,", ","")&"minimo 2 claves","") | AK65: =IF(AND($A65="Opción de Emparejamiento Ampliado",NOT(OR(LEFT(TRIM($I65),1)="A",LEFT(TRIM($I65),1)="B",LEFT(TRIM($I65),1)="C",LEFT(TRIM($I65),1)="D",LEFT(TRIM($I65),1)="E"))),IF(COUNTIF($Q65:$AJ65,"?*")>0,", ","")&"respuesta A-E","") | AL65: =IF(TRIM($K65)="",IF(COUNTIF($M65:$M65,"?*")>0,", ","")&"parcial","") | AM65: =IF(AND(TRIM($K65)<>"",TRIM($K65)<>VALIDACIONES!$G$1),IF(COUNTIF($M65:$N65,"?*")>0,", ","")&"parcial distinto a "&VALIDACIONES!$G$1,"")
D66: =IF($A66="Verdadero o Falso Simple","Verdadero",IF($A66="Respuesta A/B/Ambas/Ninguna","A. Si la primera es verdadera",IF($A66="Verdadero o Falso Complejas","1. ",""))) | E66: =IF($A66="Verdadero o Falso Simple","Falso",IF($A66="Respuesta A/B/Ambas/Ninguna","B. Si la segunda es verdadera",IF($A66="Verdadero o Falso Complejas","2. ",""))) | F66: =IF($A66="Respuesta A/B/Ambas/Ninguna","C. Si ambas son verdaderas",IF($A66="Verdadero o Falso Complejas","3. ","")) | G66: =IF($A66="Respuesta A/B/Ambas/Ninguna","D. Si ninguna es verdadera",IF($A66="Verdadero o Falso Complejas","4. ","")) | H66: =IF($A66="Verdadero o Falso Simple","",IF($A66="Respuesta A/B/Ambas/Ninguna","",IF($A66="Verdadero o Falso Complejas","",""))) | K66: =IF(TRIM($A66)="","",VALIDACIONES!$G$1) | L66: =IF(TRIM($A66)="","",IF(OR($A66="Selección de la mejor respuesta",$A66="SELECCION_MEJOR_RESPUESTA",$A66="Subítem de caso o problema",$A66="SUBITEM_CASO"),IF(TRIM($C66)="","Completar enunciado",IF(SUMPRODUCT(--(LEN(TRIM($D66:$H66&""))>0))<5,"Completar opciones A-E",IF(AND(TRIM($I66)<>"",OR(LEFT(TRIM($I66),1)="A",LEFT(TRIM($I66),1)="B",LEFT(TRIM($I66),1)="C",LEFT(TRIM($I66),1)="D",LEFT(TRIM($I66),1)="E")),"OK","Completar respuesta correcta A-E"))),IF(TRIM($A66)="","",IF(COUNTIF($Q66:$AJ66,"?*")=0,"OK","Falta revisar: "&$Q66&$R66&$S66&$T66&$U66&$V66&$W66&$X66&$Y66&$Z66&$AA66&$AB66&$AC66&$AD66&$AE66&$AF66&$AG66&$AH66&$AI66&$AJ66)))) | Q66: =IF(TRIM($C66)="","enunciado","") | R66: =IF(TRIM($K66)="",IF(COUNTIF($Q66:$Q66,"?*")>0,", ","")&"parcial","") | S66: =IF(AND(TRIM($K66)<>"",TRIM($K66)<>VALIDACIONES!$G$1),IF(COUNTIF($Q66:$R66,"?*")>0,", ","")&"parcial distinto a "&VALIDACIONES!$G$1,"") | T66: =IF(AND(OR($A66="Ítems agrupados por caso clínico o problema",$A66="Subítem de caso o problema",$A66="Emparejamiento Ampliado",$A66="Opción de Emparejamiento Ampliado"),TRIM($B66)=""),IF(COUNTIF($Q66:$S66,"?*")>0,", ","")&"grupo","") | U66: =IF(AND(OR($A66="Verdadero o Falso Simple",$A66="Respuesta A/B/Ambas/Ninguna",$A66="Verdadero o Falso Complejas",$A66="Selección de la mejor respuesta",$A66="Subítem de caso o problema",$A66="Opción de Emparejamiento Ampliado"),TRIM($I66)=""),IF(COUNTIF($Q66:$T66,"?*")>0,", ","")&"respuesta_correcta","") | V66: =IF(AND(OR($A66="Verdadero o Falso Simple",$A66="Respuesta A/B/Ambas/Ninguna",$A66="Verdadero o Falso Complejas",$A66="Selección de la mejor respuesta",$A66="Subítem de caso o problema",$A66="Opción de Emparejamiento Ampliado"),TRIM($J66)=""),IF(COUNTIF($Q66:$U66,"?*")>0,", ","")&"dificultad","") | W66: =IF(AND(OR($A66="Ítems agrupados por caso clínico o problema",$A66="Emparejamiento Ampliado"),TRIM($I66)<>""),IF(COUNTIF($Q66:$V66,"?*")>0,", ","")&"respuesta debe ir vacia","") | X66: =IF(AND(OR($A66="Ítems agrupados por caso clínico o problema",$A66="Emparejamiento Ampliado"),TRIM($J66)<>""),IF(COUNTIF($Q66:$W66,"?*")>0,", ","")&"dificultad debe ir vacia","") | Y66: =IF(AND($A66="Verdadero o Falso Simple",OR(COUNTIF($D66:$E66,"?*")<2,COUNTIF($F66:$H66,"?*")>0)),IF(COUNTIF($Q66:$X66,"?*")>0,", ","")&"incisos A-B","") | Z66: =IF(AND($A66="Verdadero o Falso Simple",TRIM($I66)<>"",NOT(OR(LEFT(TRIM($I66),1)="A",LEFT(TRIM($I66),1)="B"))),IF(COUNTIF($Q66:$Y66,"?*")>0,", ","")&"respuesta A-B","") | AA66: =IF(AND($A66="Respuesta A/B/Ambas/Ninguna",COUNTIF($D66:$G66,"?*")<4),IF(COUNTIF($Q66:$Z66,"?*")>0,", ","")&"opciones A-D","") | AB66: =IF(AND($A66="Respuesta A/B/Ambas/Ninguna",COUNTIF($H66:$H66,"?*")>0),IF(COUNTIF($Q66:$AA66,"?*")>0,", ","")&"opcion E deshabilitada","") | AC66: =IF(AND($A66="Respuesta A/B/Ambas/Ninguna",TRIM($I66)<>"",NOT(OR(LEFT(TRIM($I66),1)="A",LEFT(TRIM($I66),1)="B",LEFT(TRIM($I66),1)="C",LEFT(TRIM($I66),1)="D"))),IF(COUNTIF($Q66:$AB66,"?*")>0,", ","")&"respuesta A-D","") | AD66: =IF(AND($A66="Verdadero o Falso Complejas",OR(LEN(TRIM(SUBSTITUTE($D66,"1.","")))=0,LEN(TRIM(SUBSTITUTE($E66,"2.","")))=0,LEN(TRIM(SUBSTITUTE($F66,"3.","")))=0,LEN(TRIM(SUBSTITUTE($G66,"4.","")))=0)),IF(COUNTIF($Q66:$AC66,"?*")>0,", ","")&"incisos 1-4","") | AE66: =IF(AND($A66="Verdadero o Falso Complejas",COUNTIF($H66:$H66,"?*")>0),IF(COUNTIF($Q66:$AD66,"?*")>0,", ","")&"opcion E deshabilitada","") | AF66: =IF(AND($A66="Verdadero o Falso Complejas",TRIM($I66)<>"",NOT(OR(LEFT(TRIM($I66),1)="A",LEFT(TRIM($I66),1)="B",LEFT(TRIM($I66),1)="C",LEFT(TRIM($I66),1)="D",LEFT(TRIM($I66),1)="E"))),IF(COUNTIF($Q66:$AE66,"?*")>0,", ","")&"respuesta A-E","") | AG66: =IF(AND(OR($A66="Selección de la mejor respuesta",$A66="Subítem de caso o problema"),COUNTA($D66:$H66)<5),IF(COUNTIF($Q66:$AF66,"?*")>0,", ","")&"incisos A-E","") | AH66: =IF(AND(OR($A66="Selección de la mejor respuesta",$A66="Subítem de caso o problema"),TRIM($I66)<>"",NOT(OR(LEFT(TRIM($I66),1)="A",LEFT(TRIM($I66),1)="B",LEFT(TRIM($I66),1)="C",LEFT(TRIM($I66),1)="D",LEFT(TRIM($I66),1)="E"))),IF(COUNTIF($Q66:$AG66,"?*")>0,", ","")&"respuesta A-E","") | AI66: =IF(AND(OR($A66="Ítems agrupados por caso clínico o problema",$A66="Opción de Emparejamiento Ampliado"),COUNTIF($D66:$H66,"?*")>0),IF(COUNTIF($Q66:$AH66,"?*")>0,", ","")&"sin incisos","") | AJ66: =IF(AND($A66="Emparejamiento Ampliado",COUNTIF($D66:$H66,"?*")<2),IF(COUNTIF($Q66:$AI66,"?*")>0,", ","")&"minimo 2 claves","") | AK66: =IF(AND($A66="Opción de Emparejamiento Ampliado",NOT(OR(LEFT(TRIM($I66),1)="A",LEFT(TRIM($I66),1)="B",LEFT(TRIM($I66),1)="C",LEFT(TRIM($I66),1)="D",LEFT(TRIM($I66),1)="E"))),IF(COUNTIF($Q66:$AJ66,"?*")>0,", ","")&"respuesta A-E","") | AL66: =IF(TRIM($K66)="",IF(COUNTIF($M66:$M66,"?*")>0,", ","")&"parcial","") | AM66: =IF(AND(TRIM($K66)<>"",TRIM($K66)<>VALIDACIONES!$G$1),IF(COUNTIF($M66:$N66,"?*")>0,", ","")&"parcial distinto a "&VALIDACIONES!$G$1,"")
D67: =IF($A67="Verdadero o Falso Simple","Verdadero",IF($A67="Respuesta A/B/Ambas/Ninguna","A. Si la primera es verdadera",IF($A67="Verdadero o Falso Complejas","1. ",""))) | E67: =IF($A67="Verdadero o Falso Simple","Falso",IF($A67="Respuesta A/B/Ambas/Ninguna","B. Si la segunda es verdadera",IF($A67="Verdadero o Falso Complejas","2. ",""))) | F67: =IF($A67="Respuesta A/B/Ambas/Ninguna","C. Si ambas son verdaderas",IF($A67="Verdadero o Falso Complejas","3. ","")) | G67: =IF($A67="Respuesta A/B/Ambas/Ninguna","D. Si ninguna es verdadera",IF($A67="Verdadero o Falso Complejas","4. ","")) | H67: =IF($A67="Verdadero o Falso Simple","",IF($A67="Respuesta A/B/Ambas/Ninguna","",IF($A67="Verdadero o Falso Complejas","",""))) | K67: =IF(TRIM($A67)="","",VALIDACIONES!$G$1) | L67: =IF(TRIM($A67)="","",IF(OR($A67="Selección de la mejor respuesta",$A67="SELECCION_MEJOR_RESPUESTA",$A67="Subítem de caso o problema",$A67="SUBITEM_CASO"),IF(TRIM($C67)="","Completar enunciado",IF(SUMPRODUCT(--(LEN(TRIM($D67:$H67&""))>0))<5,"Completar opciones A-E",IF(AND(TRIM($I67)<>"",OR(LEFT(TRIM($I67),1)="A",LEFT(TRIM($I67),1)="B",LEFT(TRIM($I67),1)="C",LEFT(TRIM($I67),1)="D",LEFT(TRIM($I67),1)="E")),"OK","Completar respuesta correcta A-E"))),IF(TRIM($A67)="","",IF(COUNTIF($Q67:$AJ67,"?*")=0,"OK","Falta revisar: "&$Q67&$R67&$S67&$T67&$U67&$V67&$W67&$X67&$Y67&$Z67&$AA67&$AB67&$AC67&$AD67&$AE67&$AF67&$AG67&$AH67&$AI67&$AJ67)))) | Q67: =IF(TRIM($C67)="","enunciado","") | R67: =IF(TRIM($K67)="",IF(COUNTIF($Q67:$Q67,"?*")>0,", ","")&"parcial","") | S67: =IF(AND(TRIM($K67)<>"",TRIM($K67)<>VALIDACIONES!$G$1),IF(COUNTIF($Q67:$R67,"?*")>0,", ","")&"parcial distinto a "&VALIDACIONES!$G$1,"") | T67: =IF(AND(OR($A67="Ítems agrupados por caso clínico o problema",$A67="Subítem de caso o problema",$A67="Emparejamiento Ampliado",$A67="Opción de Emparejamiento Ampliado"),TRIM($B67)=""),IF(COUNTIF($Q67:$S67,"?*")>0,", ","")&"grupo","") | U67: =IF(AND(OR($A67="Verdadero o Falso Simple",$A67="Respuesta A/B/Ambas/Ninguna",$A67="Verdadero o Falso Complejas",$A67="Selección de la mejor respuesta",$A67="Subítem de caso o problema",$A67="Opción de Emparejamiento Ampliado"),TRIM($I67)=""),IF(COUNTIF($Q67:$T67,"?*")>0,", ","")&"respuesta_correcta","") | V67: =IF(AND(OR($A67="Verdadero o Falso Simple",$A67="Respuesta A/B/Ambas/Ninguna",$A67="Verdadero o Falso Complejas",$A67="Selección de la mejor respuesta",$A67="Subítem de caso o problema",$A67="Opción de Emparejamiento Ampliado"),TRIM($J67)=""),IF(COUNTIF($Q67:$U67,"?*")>0,", ","")&"dificultad","") | W67: =IF(AND(OR($A67="Ítems agrupados por caso clínico o problema",$A67="Emparejamiento Ampliado"),TRIM($I67)<>""),IF(COUNTIF($Q67:$V67,"?*")>0,", ","")&"respuesta debe ir vacia","") | X67: =IF(AND(OR($A67="Ítems agrupados por caso clínico o problema",$A67="Emparejamiento Ampliado"),TRIM($J67)<>""),IF(COUNTIF($Q67:$W67,"?*")>0,", ","")&"dificultad debe ir vacia","") | Y67: =IF(AND($A67="Verdadero o Falso Simple",OR(COUNTIF($D67:$E67,"?*")<2,COUNTIF($F67:$H67,"?*")>0)),IF(COUNTIF($Q67:$X67,"?*")>0,", ","")&"incisos A-B","") | Z67: =IF(AND($A67="Verdadero o Falso Simple",TRIM($I67)<>"",NOT(OR(LEFT(TRIM($I67),1)="A",LEFT(TRIM($I67),1)="B"))),IF(COUNTIF($Q67:$Y67,"?*")>0,", ","")&"respuesta A-B","") | AA67: =IF(AND($A67="Respuesta A/B/Ambas/Ninguna",COUNTIF($D67:$G67,"?*")<4),IF(COUNTIF($Q67:$Z67,"?*")>0,", ","")&"opciones A-D","") | AB67: =IF(AND($A67="Respuesta A/B/Ambas/Ninguna",COUNTIF($H67:$H67,"?*")>0),IF(COUNTIF($Q67:$AA67,"?*")>0,", ","")&"opcion E deshabilitada","") | AC67: =IF(AND($A67="Respuesta A/B/Ambas/Ninguna",TRIM($I67)<>"",NOT(OR(LEFT(TRIM($I67),1)="A",LEFT(TRIM($I67),1)="B",LEFT(TRIM($I67),1)="C",LEFT(TRIM($I67),1)="D"))),IF(COUNTIF($Q67:$AB67,"?*")>0,", ","")&"respuesta A-D","") | AD67: =IF(AND($A67="Verdadero o Falso Complejas",OR(LEN(TRIM(SUBSTITUTE($D67,"1.","")))=0,LEN(TRIM(SUBSTITUTE($E67,"2.","")))=0,LEN(TRIM(SUBSTITUTE($F67,"3.","")))=0,LEN(TRIM(SUBSTITUTE($G67,"4.","")))=0)),IF(COUNTIF($Q67:$AC67,"?*")>0,", ","")&"incisos 1-4","") | AE67: =IF(AND($A67="Verdadero o Falso Complejas",COUNTIF($H67:$H67,"?*")>0),IF(COUNTIF($Q67:$AD67,"?*")>0,", ","")&"opcion E deshabilitada","") | AF67: =IF(AND($A67="Verdadero o Falso Complejas",TRIM($I67)<>"",NOT(OR(LEFT(TRIM($I67),1)="A",LEFT(TRIM($I67),1)="B",LEFT(TRIM($I67),1)="C",LEFT(TRIM($I67),1)="D",LEFT(TRIM($I67),1)="E"))),IF(COUNTIF($Q67:$AE67,"?*")>0,", ","")&"respuesta A-E","") | AG67: =IF(AND(OR($A67="Selección de la mejor respuesta",$A67="Subítem de caso o problema"),COUNTA($D67:$H67)<5),IF(COUNTIF($Q67:$AF67,"?*")>0,", ","")&"incisos A-E","") | AH67: =IF(AND(OR($A67="Selección de la mejor respuesta",$A67="Subítem de caso o problema"),TRIM($I67)<>"",NOT(OR(LEFT(TRIM($I67),1)="A",LEFT(TRIM($I67),1)="B",LEFT(TRIM($I67),1)="C",LEFT(TRIM($I67),1)="D",LEFT(TRIM($I67),1)="E"))),IF(COUNTIF($Q67:$AG67,"?*")>0,", ","")&"respuesta A-E","") | AI67: =IF(AND(OR($A67="Ítems agrupados por caso clínico o problema",$A67="Opción de Emparejamiento Ampliado"),COUNTIF($D67:$H67,"?*")>0),IF(COUNTIF($Q67:$AH67,"?*")>0,", ","")&"sin incisos","") | AJ67: =IF(AND($A67="Emparejamiento Ampliado",COUNTIF($D67:$H67,"?*")<2),IF(COUNTIF($Q67:$AI67,"?*")>0,", ","")&"minimo 2 claves","") | AK67: =IF(AND($A67="Opción de Emparejamiento Ampliado",NOT(OR(LEFT(TRIM($I67),1)="A",LEFT(TRIM($I67),1)="B",LEFT(TRIM($I67),1)="C",LEFT(TRIM($I67),1)="D",LEFT(TRIM($I67),1)="E"))),IF(COUNTIF($Q67:$AJ67,"?*")>0,", ","")&"respuesta A-E","") | AL67: =IF(TRIM($K67)="",IF(COUNTIF($M67:$M67,"?*")>0,", ","")&"parcial","") | AM67: =IF(AND(TRIM($K67)<>"",TRIM($K67)<>VALIDACIONES!$G$1),IF(COUNTIF($M67:$N67,"?*")>0,", ","")&"parcial distinto a "&VALIDACIONES!$G$1,"")
D68: =IF($A68="Verdadero o Falso Simple","Verdadero",IF($A68="Respuesta A/B/Ambas/Ninguna","A. Si la primera es verdadera",IF($A68="Verdadero o Falso Complejas","1. ",""))) | E68: =IF($A68="Verdadero o Falso Simple","Falso",IF($A68="Respuesta A/B/Ambas/Ninguna","B. Si la segunda es verdadera",IF($A68="Verdadero o Falso Complejas","2. ",""))) | F68: =IF($A68="Respuesta A/B/Ambas/Ninguna","C. Si ambas son verdaderas",IF($A68="Verdadero o Falso Complejas","3. ","")) | G68: =IF($A68="Respuesta A/B/Ambas/Ninguna","D. Si ninguna es verdadera",IF($A68="Verdadero o Falso Complejas","4. ","")) | H68: =IF($A68="Verdadero o Falso Simple","",IF($A68="Respuesta A/B/Ambas/Ninguna","",IF($A68="Verdadero o Falso Complejas","",""))) | K68: =IF(TRIM($A68)="","",VALIDACIONES!$G$1) | L68: =IF(TRIM($A68)="","",IF(OR($A68="Selección de la mejor respuesta",$A68="SELECCION_MEJOR_RESPUESTA",$A68="Subítem de caso o problema",$A68="SUBITEM_CASO"),IF(TRIM($C68)="","Completar enunciado",IF(SUMPRODUCT(--(LEN(TRIM($D68:$H68&""))>0))<5,"Completar opciones A-E",IF(AND(TRIM($I68)<>"",OR(LEFT(TRIM($I68),1)="A",LEFT(TRIM($I68),1)="B",LEFT(TRIM($I68),1)="C",LEFT(TRIM($I68),1)="D",LEFT(TRIM($I68),1)="E")),"OK","Completar respuesta correcta A-E"))),IF(TRIM($A68)="","",IF(COUNTIF($Q68:$AJ68,"?*")=0,"OK","Falta revisar: "&$Q68&$R68&$S68&$T68&$U68&$V68&$W68&$X68&$Y68&$Z68&$AA68&$AB68&$AC68&$AD68&$AE68&$AF68&$AG68&$AH68&$AI68&$AJ68)))) | Q68: =IF(TRIM($C68)="","enunciado","") | R68: =IF(TRIM($K68)="",IF(COUNTIF($Q68:$Q68,"?*")>0,", ","")&"parcial","") | S68: =IF(AND(TRIM($K68)<>"",TRIM($K68)<>VALIDACIONES!$G$1),IF(COUNTIF($Q68:$R68,"?*")>0,", ","")&"parcial distinto a "&VALIDACIONES!$G$1,"") | T68: =IF(AND(OR($A68="Ítems agrupados por caso clínico o problema",$A68="Subítem de caso o problema",$A68="Emparejamiento Ampliado",$A68="Opción de Emparejamiento Ampliado"),TRIM($B68)=""),IF(COUNTIF($Q68:$S68,"?*")>0,", ","")&"grupo","") | U68: =IF(AND(OR($A68="Verdadero o Falso Simple",$A68="Respuesta A/B/Ambas/Ninguna",$A68="Verdadero o Falso Complejas",$A68="Selección de la mejor respuesta",$A68="Subítem de caso o problema",$A68="Opción de Emparejamiento Ampliado"),TRIM($I68)=""),IF(COUNTIF($Q68:$T68,"?*")>0,", ","")&"respuesta_correcta","") | V68: =IF(AND(OR($A68="Verdadero o Falso Simple",$A68="Respuesta A/B/Ambas/Ninguna",$A68="Verdadero o Falso Complejas",$A68="Selección de la mejor respuesta",$A68="Subítem de caso o problema",$A68="Opción de Emparejamiento Ampliado"),TRIM($J68)=""),IF(COUNTIF($Q68:$U68,"?*")>0,", ","")&"dificultad","") | W68: =IF(AND(OR($A68="Ítems agrupados por caso clínico o problema",$A68="Emparejamiento Ampliado"),TRIM($I68)<>""),IF(COUNTIF($Q68:$V68,"?*")>0,", ","")&"respuesta debe ir vacia","") | X68: =IF(AND(OR($A68="Ítems agrupados por caso clínico o problema",$A68="Emparejamiento Ampliado"),TRIM($J68)<>""),IF(COUNTIF($Q68:$W68,"?*")>0,", ","")&"dificultad debe ir vacia","") | Y68: =IF(AND($A68="Verdadero o Falso Simple",OR(COUNTIF($D68:$E68,"?*")<2,COUNTIF($F68:$H68,"?*")>0)),IF(COUNTIF($Q68:$X68,"?*")>0,", ","")&"incisos A-B","") | Z68: =IF(AND($A68="Verdadero o Falso Simple",TRIM($I68)<>"",NOT(OR(LEFT(TRIM($I68),1)="A",LEFT(TRIM($I68),1)="B"))),IF(COUNTIF($Q68:$Y68,"?*")>0,", ","")&"respuesta A-B","") | AA68: =IF(AND($A68="Respuesta A/B/Ambas/Ninguna",COUNTIF($D68:$G68,"?*")<4),IF(COUNTIF($Q68:$Z68,"?*")>0,", ","")&"opciones A-D","") | AB68: =IF(AND($A68="Respuesta A/B/Ambas/Ninguna",COUNTIF($H68:$H68,"?*")>0),IF(COUNTIF($Q68:$AA68,"?*")>0,", ","")&"opcion E deshabilitada","") | AC68: =IF(AND($A68="Respuesta A/B/Ambas/Ninguna",TRIM($I68)<>"",NOT(OR(LEFT(TRIM($I68),1)="A",LEFT(TRIM($I68),1)="B",LEFT(TRIM($I68),1)="C",LEFT(TRIM($I68),1)="D"))),IF(COUNTIF($Q68:$AB68,"?*")>0,", ","")&"respuesta A-D","") | AD68: =IF(AND($A68="Verdadero o Falso Complejas",OR(LEN(TRIM(SUBSTITUTE($D68,"1.","")))=0,LEN(TRIM(SUBSTITUTE($E68,"2.","")))=0,LEN(TRIM(SUBSTITUTE($F68,"3.","")))=0,LEN(TRIM(SUBSTITUTE($G68,"4.","")))=0)),IF(COUNTIF($Q68:$AC68,"?*")>0,", ","")&"incisos 1-4","") | AE68: =IF(AND($A68="Verdadero o Falso Complejas",COUNTIF($H68:$H68,"?*")>0),IF(COUNTIF($Q68:$AD68,"?*")>0,", ","")&"opcion E deshabilitada","") | AF68: =IF(AND($A68="Verdadero o Falso Complejas",TRIM($I68)<>"",NOT(OR(LEFT(TRIM($I68),1)="A",LEFT(TRIM($I68),1)="B",LEFT(TRIM($I68),1)="C",LEFT(TRIM($I68),1)="D",LEFT(TRIM($I68),1)="E"))),IF(COUNTIF($Q68:$AE68,"?*")>0,", ","")&"respuesta A-E","") | AG68: =IF(AND(OR($A68="Selección de la mejor respuesta",$A68="Subítem de caso o problema"),COUNTA($D68:$H68)<5),IF(COUNTIF($Q68:$AF68,"?*")>0,", ","")&"incisos A-E","") | AH68: =IF(AND(OR($A68="Selección de la mejor respuesta",$A68="Subítem de caso o problema"),TRIM($I68)<>"",NOT(OR(LEFT(TRIM($I68),1)="A",LEFT(TRIM($I68),1)="B",LEFT(TRIM($I68),1)="C",LEFT(TRIM($I68),1)="D",LEFT(TRIM($I68),1)="E"))),IF(COUNTIF($Q68:$AG68,"?*")>0,", ","")&"respuesta A-E","") | AI68: =IF(AND(OR($A68="Ítems agrupados por caso clínico o problema",$A68="Opción de Emparejamiento Ampliado"),COUNTIF($D68:$H68,"?*")>0),IF(COUNTIF($Q68:$AH68,"?*")>0,", ","")&"sin incisos","") | AJ68: =IF(AND($A68="Emparejamiento Ampliado",COUNTIF($D68:$H68,"?*")<2),IF(COUNTIF($Q68:$AI68,"?*")>0,", ","")&"minimo 2 claves","") | AK68: =IF(AND($A68="Opción de Emparejamiento Ampliado",NOT(OR(LEFT(TRIM($I68),1)="A",LEFT(TRIM($I68),1)="B",LEFT(TRIM($I68),1)="C",LEFT(TRIM($I68),1)="D",LEFT(TRIM($I68),1)="E"))),IF(COUNTIF($Q68:$AJ68,"?*")>0,", ","")&"respuesta A-E","") | AL68: =IF(TRIM($K68)="",IF(COUNTIF($M68:$M68,"?*")>0,", ","")&"parcial","") | AM68: =IF(AND(TRIM($K68)<>"",TRIM($K68)<>VALIDACIONES!$G$1),IF(COUNTIF($M68:$N68,"?*")>0,", ","")&"parcial distinto a "&VALIDACIONES!$G$1,"")
